-- ============================================================
-- DAKER 전체 더미데이터 스크립트 (개선판)
-- 기준일: 2026-04-05
-- 비밀번호: password
-- 개선 사항:
--   - 유저 12명 (admin, judge1, judge2, user1-9)
--   - 팀 18개 (H1-H6 각 3팀)
--   - judge_evaluations scores_json 포맷 수정: [점수1, 점수2, ...]
--   - judge2 추가 및 H1/H3 복수 심사
--   - H3 제출물에 파일(fileName) 포함 (심사위원 다운로드 테스트용)
--   - AWARD_3RD XP 추가 (3위팀 200XP)
--   - 투표 데이터 보강 (팀당 6표 이상)
-- ============================================================
SET NAMES utf8mb4;
SET character_set_client = utf8mb4;
SET character_set_connection = utf8mb4;
SET character_set_results = utf8mb4;

SET FOREIGN_KEY_CHECKS = 0;

CREATE TABLE IF NOT EXISTS user_tags (
    id BIGINT NOT NULL AUTO_INCREMENT,
    user_id BIGINT NOT NULL,
    tag_id BIGINT NOT NULL,
    PRIMARY KEY (id),
    UNIQUE KEY uk_user_tag (user_id, tag_id),
    CONSTRAINT fk_utag_user FOREIGN KEY (user_id) REFERENCES users(id),
    CONSTRAINT fk_utag_tag FOREIGN KEY (tag_id) REFERENCES tags(id)
);

TRUNCATE TABLE user_xp_history;
TRUNCATE TABLE user_tags;
TRUNCATE TABLE votes;
TRUNCATE TABLE judge_evaluations;
TRUNCATE TABLE submission_items;
TRUNCATE TABLE submissions;
TRUNCATE TABLE hackathon_registrations;
TRUNCATE TABLE team_applications;
TRUNCATE TABLE team_members;
TRUNCATE TABLE team_private_infos;
TRUNCATE TABLE team_positions;
TRUNCATE TABLE teams;
TRUNCATE TABLE hackathon_judges;
TRUNCATE TABLE hackathon_links;
TRUNCATE TABLE hackathon_notices;
TRUNCATE TABLE criteria;
TRUNCATE TABLE prizes;
TRUNCATE TABLE milestones;
TRUNCATE TABLE hackathon_submission_rules;
TRUNCATE TABLE hackathon_tags;
TRUNCATE TABLE tags;
TRUNCATE TABLE hackathons;
TRUNCATE TABLE users;

SET FOREIGN_KEY_CHECKS = 1;

-- ============================================================
-- 1. USERS (12명)
-- id 1: admin / id 2-3: judge / id 4-12: user1-9
-- ============================================================
INSERT INTO users (id, email, nickname, password, role, account_status, created_at, updated_at) VALUES
(1,  'admin@daker.com',  'admin',        '$2b$10$jzMveWcSErfoFJvdKEQWQuIljP0Aauj/6HHh7YmR3lp10Bk0lMloy', 'ADMIN', 'ACTIVE', '2026-01-01 00:00:00', '2026-01-01 00:00:00'),
(2,  'judge1@daker.com', '박재원',       '$2b$10$jzMveWcSErfoFJvdKEQWQuIljP0Aauj/6HHh7YmR3lp10Bk0lMloy', 'JUDGE', 'ACTIVE', '2026-01-01 00:00:00', '2026-01-01 00:00:00'),
(3,  'judge2@daker.com', '이수진',       '$2b$10$jzMveWcSErfoFJvdKEQWQuIljP0Aauj/6HHh7YmR3lp10Bk0lMloy', 'JUDGE', 'ACTIVE', '2026-01-01 00:00:00', '2026-01-01 00:00:00'),
(4,  'user1@daker.com',  'devking',      '$2b$10$jzMveWcSErfoFJvdKEQWQuIljP0Aauj/6HHh7YmR3lp10Bk0lMloy', 'USER',  'ACTIVE', '2026-01-01 00:00:00', '2026-01-01 00:00:00'),
(5,  'user2@daker.com',  '김민준',       '$2b$10$jzMveWcSErfoFJvdKEQWQuIljP0Aauj/6HHh7YmR3lp10Bk0lMloy', 'USER',  'ACTIVE', '2026-01-01 00:00:00', '2026-01-01 00:00:00'),
(6,  'user3@daker.com',  'nullPointer',  '$2b$10$jzMveWcSErfoFJvdKEQWQuIljP0Aauj/6HHh7YmR3lp10Bk0lMloy', 'USER',  'ACTIVE', '2026-01-01 00:00:00', '2026-01-01 00:00:00'),
(7,  'user4@daker.com',  '이서연',       '$2b$10$jzMveWcSErfoFJvdKEQWQuIljP0Aauj/6HHh7YmR3lp10Bk0lMloy', 'USER',  'ACTIVE', '2026-01-02 00:00:00', '2026-01-02 00:00:00'),
(8,  'user5@daker.com',  'sudo_kim',     '$2b$10$jzMveWcSErfoFJvdKEQWQuIljP0Aauj/6HHh7YmR3lp10Bk0lMloy', 'USER',  'ACTIVE', '2026-01-02 00:00:00', '2026-01-02 00:00:00'),
(9,  'user6@daker.com',  '정하은',       '$2b$10$jzMveWcSErfoFJvdKEQWQuIljP0Aauj/6HHh7YmR3lp10Bk0lMloy', 'USER',  'ACTIVE', '2026-01-02 00:00:00', '2026-01-02 00:00:00'),
(10, 'user7@daker.com',  'byte_me',      '$2b$10$jzMveWcSErfoFJvdKEQWQuIljP0Aauj/6HHh7YmR3lp10Bk0lMloy', 'USER',  'ACTIVE', '2026-01-03 00:00:00', '2026-01-03 00:00:00'),
(11, 'user8@daker.com',  '최유진',       '$2b$10$jzMveWcSErfoFJvdKEQWQuIljP0Aauj/6HHh7YmR3lp10Bk0lMloy', 'USER',  'ACTIVE', '2026-01-03 00:00:00', '2026-01-03 00:00:00'),
(12, 'user9@daker.com',  'git_wizard',   '$2b$10$jzMveWcSErfoFJvdKEQWQuIljP0Aauj/6HHh7YmR3lp10Bk0lMloy', 'USER',  'ACTIVE', '2026-01-03 00:00:00', '2026-01-03 00:00:00');

-- ============================================================
-- 2. HACKATHONS (10개)
-- H1: ENDED/SCORE  H2: ENDED/VOTE  H3: CLOSED/SCORE  H4: CLOSED/VOTE
-- H5: OPEN/SCORE   H6: OPEN/SCORE  H7-H10: UPCOMING
-- ============================================================
INSERT INTO hackathons (id, title, summary, description, thumbnail_url, organizer, status, score_type,
    start_date, end_date, registration_start_date, registration_end_date, submission_deadline_at,
    closed_at, max_team_size, max_participants, camp_enabled, allow_solo, deleted, created_at, updated_at) VALUES
(1, 'AI 스타트업 해커톤 2025',
 'AI 기술로 스타트업 아이디어를 실현하는 72시간 해커톤',
 '인공지능 기술을 활용한 혁신적인 스타트업 아이디어를 개발하세요. 멘토링과 투자자 피칭 기회가 제공됩니다.',
 'https://picsum.photos/seed/hack1/800/400', 'Daker', 'ENDED', 'SCORE',
 '2026-01-10 09:00:00', '2026-01-12 18:00:00',
 '2025-12-01 00:00:00', '2026-01-05 23:59:59', '2026-01-12 15:00:00',
 NULL, 4, 120, 0, 0, 0, '2025-11-15 00:00:00', '2026-01-13 00:00:00'),
(2, 'XR 메타버스 챌린지',
 'AR/VR 기술로 현실과 가상의 경계를 허무는 48시간 해커톤',
 'Meta Quest, HoloLens 등 XR 기기를 활용하여 교육, 엔터테인먼트, 비즈니스 분야의 메타버스 서비스를 개발하세요.',
 'https://picsum.photos/seed/hack2/800/400', 'Daker', 'ENDED', 'VOTE',
 '2026-02-14 09:00:00', '2026-02-16 18:00:00',
 '2026-01-10 00:00:00', '2026-02-10 23:59:59', '2026-02-16 15:00:00',
 NULL, 5, 80, 1, 0, 0, '2026-01-05 00:00:00', '2026-02-17 00:00:00'),
(3, '데이터 사이언스 경진대회',
 '공공 빅데이터로 사회 문제를 해결하는 데이터 분석 경진대회',
 '공공데이터 포털의 다양한 데이터셋을 분석하여 사회 문제를 해결하는 모델을 개발합니다.',
 'https://picsum.photos/seed/hack3/800/400', 'Daker', 'ENDED', 'SCORE',
 '2026-03-07 09:00:00', '2026-03-09 18:00:00',
 '2026-02-01 00:00:00', '2026-03-03 23:59:59', '2026-03-09 15:00:00',
 '2026-03-10 09:00:00', 3, 200, 0, 1, 0, '2026-01-25 00:00:00', '2026-03-10 09:00:00'),
(4, '모바일 앱 해커톤 Spring 2026',
 'iOS/Android 크로스플랫폼 모바일 앱을 48시간 안에 완성하세요',
 'Flutter, React Native, Swift, Kotlin 등 자유로운 기술 스택으로 일상의 불편함을 해소하는 모바일 앱을 개발합니다.',
 'https://picsum.photos/seed/hack4/800/400', 'Daker', 'ENDED', 'VOTE',
 '2026-03-21 09:00:00', '2026-03-23 18:00:00',
 '2026-02-15 00:00:00', '2026-03-17 23:59:59', '2026-03-23 15:00:00',
 '2026-03-24 09:00:00', 4, 150, 0, 0, 0, '2026-02-10 00:00:00', '2026-03-24 09:00:00'),
(5, 'AI 혁신 해커톤 2026',
 'GPT, Claude 등 최신 LLM을 활용한 혁신 서비스를 개발하세요',
 '대형 언어 모델(LLM)을 활용하여 기업과 개인의 생산성을 혁신하는 AI 서비스를 개발합니다.',
 'https://picsum.photos/seed/hack5/800/400', 'Daker', 'CLOSED', 'SCORE',
 '2026-03-30 09:00:00', '2026-04-10 18:00:00',
 '2026-03-01 00:00:00', '2026-03-25 23:59:59', '2026-04-10 15:00:00',
 NULL, 4, 150, 0, 1, 0, '2026-02-20 00:00:00', '2026-03-30 09:00:00'),
(6, '핀테크 챌린지 2026',
 '금융과 기술의 융합으로 혁신적인 핀테크 서비스를 만들어보세요',
 '블록체인, 오픈뱅킹 API를 활용하여 금융 서비스의 미래를 만들어보세요.',
 'https://picsum.photos/seed/hack6/800/400', 'Daker', 'CLOSED', 'SCORE',
 '2026-03-28 09:00:00', '2026-04-08 18:00:00',
 '2026-03-01 00:00:00', '2026-03-23 23:59:59', '2026-04-08 15:00:00',
 NULL, 5, 100, 0, 0, 0, '2026-02-20 00:00:00', '2026-03-28 09:00:00'),
(7, '그린테크 해커톤',
 '기후 변화 대응을 위한 친환경 기술 솔루션을 개발하세요',
 '탄소 감축, 신재생 에너지, 스마트 그리드 등 환경 문제를 기술로 해결하세요.',
 'https://picsum.photos/seed/hack7/800/400', 'Daker', 'OPEN', 'VOTE',
 '2026-04-20 09:00:00', '2026-04-22 18:00:00',
 '2026-04-01 00:00:00', '2026-04-15 23:59:59', '2026-04-22 15:00:00',
 NULL, 4, 80, 1, 0, 0, '2026-03-15 00:00:00', '2026-03-15 00:00:00'),
(8, '헬스케어 이노베이션 해커톤',
 '디지털 헬스케어 기술로 의료 접근성을 높이는 혁신 서비스를 개발하세요',
 '원격 진료, 웨어러블 데이터 분석, AI 진단 보조 등 헬스케어 분야의 미래를 만드세요.',
 'https://picsum.photos/seed/hack8/800/400', 'Daker', 'UPCOMING', 'SCORE',
 '2026-05-10 09:00:00', '2026-05-12 18:00:00',
 '2026-04-15 00:00:00', '2026-05-05 23:59:59', '2026-05-12 15:00:00',
 NULL, 5, 100, 0, 1, 0, '2026-03-20 00:00:00', '2026-03-20 00:00:00'),
(9, '스마트시티 해커톤',
 'IoT와 빅데이터로 더 스마트한 도시 인프라를 구축하는 대회',
 '교통, 에너지, 안전, 환경 등 도시 문제를 IoT 센서와 데이터 분석으로 해결하세요.',
 'https://picsum.photos/seed/hack9/800/400', 'Daker', 'UPCOMING', 'SCORE',
 '2026-06-01 09:00:00', '2026-06-03 18:00:00',
 '2026-05-01 00:00:00', '2026-05-25 23:59:59', '2026-06-03 15:00:00',
 NULL, 5, 120, 1, 0, 0, '2026-04-01 00:00:00', '2026-04-01 00:00:00'),
(10, '사이버보안 챌린지',
 'CTF 형식 취약점 분석과 보안 솔루션 개발을 병행하는 해커톤',
 '취약점 분석, 암호화, 네트워크 보안 등 사이버보안 전 분야를 아우르는 종합 보안 챌린지.',
 'https://picsum.photos/seed/hack10/800/400', 'Daker', 'UPCOMING', 'SCORE',
 '2026-07-01 09:00:00', '2026-07-03 18:00:00',
 '2026-06-01 00:00:00', '2026-06-25 23:59:59', '2026-07-03 15:00:00',
 NULL, 3, 60, 0, 1, 0, '2026-04-01 00:00:00', '2026-04-01 00:00:00');

-- ============================================================
-- 3. TAGS
-- ============================================================
INSERT INTO tags (id, name) VALUES
(1,'AI'),(2,'스타트업'),(3,'머신러닝'),(4,'XR'),(5,'메타버스'),
(6,'VR'),(7,'AR'),(8,'데이터분석'),(9,'빅데이터'),(10,'Python'),
(11,'ML'),(12,'모바일'),(13,'iOS'),(14,'Android'),(15,'Flutter'),
(16,'LLM'),(17,'GPT'),(18,'생성형AI'),(19,'핀테크'),(20,'블록체인'),
(21,'금융'),(22,'오픈뱅킹'),(23,'그린테크'),(24,'환경'),(25,'탄소중립'),
(26,'신재생에너지'),(27,'헬스케어'),(28,'AI진단'),(29,'원격의료'),
(30,'스마트시티'),(31,'IoT'),(32,'보안'),(33,'CTF'),(34,'취약점분석');

-- ============================================================
-- 4. HACKATHON_TAGS
-- ============================================================
INSERT INTO hackathon_tags (hackathon_id, tag_id) VALUES
(1,1),(1,2),(1,3),(2,4),(2,5),(2,6),(2,7),(3,8),(3,9),(3,10),(3,11),
(4,12),(4,13),(4,14),(4,15),(5,1),(5,16),(5,17),(5,18),
(6,19),(6,20),(6,21),(6,22),(7,23),(7,24),(7,25),(7,26),
(8,27),(8,28),(8,29),(9,30),(9,31),(9,9),(10,32),(10,33),(10,34);

-- ============================================================
-- 5. MILESTONES
-- ============================================================
INSERT INTO milestones (hackathon_id, title, description, date) VALUES
(1,'참가 접수 시작',NULL,'2025-12-01 00:00:00'),
(1,'참가 접수 마감',NULL,'2026-01-05 23:59:59'),
(1,'해커톤 시작','팀 구성 및 아이디어 발표','2026-01-10 09:00:00'),
(1,'중간 발표','진행 상황 점검 및 멘토링','2026-01-11 14:00:00'),
(1,'최종 발표','팀별 10분 발표 + 5분 Q&A','2026-01-12 14:00:00'),
(1,'시상식',NULL,'2026-01-12 17:00:00'),
(2,'참가 접수 시작',NULL,'2026-01-10 00:00:00'),
(2,'참가 접수 마감',NULL,'2026-02-10 23:59:59'),
(2,'기기 대여 및 세팅','Meta Quest 3, HoloLens 2 무료 대여','2026-02-14 09:00:00'),
(2,'투표 시작','제출 마감 후 투표 개시','2026-02-16 15:00:00'),
(2,'투표 종료 및 시상',NULL,'2026-02-16 18:00:00'),
(3,'참가 접수 시작',NULL,'2026-02-01 00:00:00'),
(3,'참가 접수 마감',NULL,'2026-03-03 23:59:59'),
(3,'데이터셋 공개','공공데이터 API 키 배포','2026-03-07 09:00:00'),
(3,'분석 결과 제출 마감',NULL,'2026-03-09 15:00:00'),
(3,'시상식',NULL,'2026-03-09 18:00:00'),
(4,'참가 접수 시작',NULL,'2026-02-15 00:00:00'),
(4,'참가 접수 마감',NULL,'2026-03-17 23:59:59'),
(4,'해커톤 시작 및 킥오프',NULL,'2026-03-21 09:00:00'),
(4,'제출 마감',NULL,'2026-03-23 15:00:00'),
(4,'투표 종료 및 시상',NULL,'2026-03-23 18:00:00'),
(5,'참가 접수 시작',NULL,'2026-03-01 00:00:00'),
(5,'참가 접수 마감',NULL,'2026-03-25 23:59:59'),
(5,'해커톤 시작','API 크레딧 배포','2026-03-30 09:00:00'),
(5,'중간 멘토링',NULL,'2026-04-05 14:00:00'),
(5,'제출 마감',NULL,'2026-04-10 15:00:00'),
(5,'데모데이 및 시상',NULL,'2026-04-10 17:00:00'),
(6,'참가 접수 시작',NULL,'2026-03-01 00:00:00'),
(6,'참가 접수 마감',NULL,'2026-03-23 23:59:59'),
(6,'해커톤 시작',NULL,'2026-03-28 09:00:00'),
(6,'제출 마감',NULL,'2026-04-08 15:00:00'),
(6,'최종 발표 및 시상',NULL,'2026-04-08 18:00:00'),
(7,'참가 접수 시작',NULL,'2026-04-01 00:00:00'),
(7,'참가 접수 마감',NULL,'2026-04-15 23:59:59'),
(7,'해커톤 시작',NULL,'2026-04-20 09:00:00'),
(7,'최종 발표',NULL,'2026-04-22 14:00:00'),
(8,'참가 접수 시작',NULL,'2026-04-15 00:00:00'),
(8,'참가 접수 마감',NULL,'2026-05-05 23:59:59'),
(8,'해커톤 시작',NULL,'2026-05-10 09:00:00'),
(8,'최종 발표',NULL,'2026-05-12 14:00:00'),
(9,'참가 접수 시작',NULL,'2026-05-01 00:00:00'),
(9,'참가 접수 마감',NULL,'2026-05-25 23:59:59'),
(9,'해커톤 개막식',NULL,'2026-06-01 09:00:00'),
(9,'최종 발표 및 시상',NULL,'2026-06-03 15:00:00'),
(10,'참가 접수 시작',NULL,'2026-06-01 00:00:00'),
(10,'본선 시작',NULL,'2026-07-01 09:00:00'),
(10,'시상식',NULL,'2026-07-03 18:00:00');

-- ============================================================
-- 6. PRIZES
-- ============================================================
INSERT INTO prizes (hackathon_id, ranking, amount, description) VALUES
(1,1,5000000,'대상 - 투자 연계 기회 제공'),(1,2,3000000,'최우수상'),(1,3,1000000,'우수상'),
(2,1,10000000,'대상'),(2,2,5000000,'최우수상'),(2,3,2000000,'우수상'),
(3,1,3000000,'대상'),(3,2,1500000,'최우수상'),(3,3,500000,'우수상'),
(4,1,8000000,'최우수상'),(4,2,4000000,'우수상'),(4,3,1500000,'장려상'),
(5,1,20000000,'대상'),(5,2,10000000,'최우수상'),(5,3,5000000,'우수상'),
(6,1,15000000,'대상'),(6,2,7000000,'최우수상'),(6,3,3000000,'우수상'),
(7,1,8000000,'대상'),(7,2,4000000,'최우수상'),(7,3,2000000,'우수상'),
(8,1,12000000,'대상'),(8,2,6000000,'최우수상'),(8,3,2500000,'우수상'),
(9,1,25000000,'대상'),(9,2,10000000,'최우수상'),(9,3,5000000,'우수상'),
(10,1,10000000,'대상'),(10,2,5000000,'최우수상'),(10,3,2000000,'우수상');

-- ============================================================
-- 7. CRITERIA (SCORE 타입 해커톤)
-- ============================================================
INSERT INTO criteria (hackathon_id, name, description, max_score) VALUES
(1,'아이디어 혁신성','AI 기술을 활용한 창의적 문제 해결',30),
(1,'기술 완성도','코드 품질 및 구현 수준',30),
(1,'비즈니스 가능성','시장성 및 수익 모델',30),
(1,'발표력','명확한 발표 및 Q&A 대응',10),
(3,'데이터 활용도','공공 데이터 다양하고 적절히 활용',30),
(3,'분석 정확도','모델 성능 및 통계적 유의성',40),
(3,'시각화 품질','인사이트를 명확히 전달하는 시각화',20),
(3,'발표력','데이터 기반 스토리텔링',10),
(5,'AI 활용도','LLM의 창의적이고 효과적인 활용',30),
(5,'기술 완성도','서비스 구현 및 안정성',30),
(5,'비즈니스 임팩트','실제 문제 해결 가능성 및 시장성',30),
(5,'발표력','데모 시연 및 Q&A',10),
(6,'금융 혁신성','기존 금융 서비스 개선 정도',35),
(6,'보안 안전성','금융 보안 규정 준수',35),
(6,'사용자 편의성','UX 및 접근성',20),
(6,'발표력',NULL,10),
(8,'임상적 유용성','의료 현장 적용 가능성',35),
(8,'기술 완성도','AI/디지털 기술 활용',30),
(8,'사용자 경험','환자 및 의료진 UX',25),
(8,'발표력',NULL,10),
(9,'도시 문제 해결력','실제 도시 문제 해결 효과',35),
(9,'공공데이터 활용도','공공 API 활용 적절성',25),
(9,'기술 완성도','IoT/빅데이터 기술 구현',30),
(9,'발표력',NULL,10),
(10,'취약점 발견 수','유효한 보안 취약점 식별',40),
(10,'보고서 품질','취약점 분석 보고서 완성도',30),
(10,'방어 솔루션','보안 패치 및 방어 코드 완성도',20),
(10,'발표력',NULL,10);

-- ============================================================
-- 8. HACKATHON_NOTICES
-- ============================================================
INSERT INTO hackathon_notices (hackathon_id, content) VALUES
(1,'팀당 최대 4명까지 참여 가능합니다. 1인 참가는 허용되지 않습니다.'),
(1,'사전에 개발된 코드 사용은 불가합니다. 해커톤 기간 중 새로 개발해야 합니다.'),
(1,'최종 발표는 5분 이내 데모 시연을 포함해야 합니다.'),
(2,'현장 참여 필수입니다. XR 기기(Meta Quest 3, HoloLens 2)는 무료 대여됩니다.'),
(2,'Unity 또는 Unreal Engine 사용을 권장합니다.'),
(3,'공공데이터 포털(data.go.kr) 데이터를 반드시 활용해야 합니다.'),
(3,'1인 참가 가능합니다. Python, R, Jupyter Notebook 환경이 제공됩니다.'),
(4,'실제 기기(iOS 또는 Android)에서 동작하는 앱을 제출해야 합니다.'),
(5,'OpenAI API, Anthropic Claude API 크레딧이 지원됩니다.'),
(6,'금융위원회 규정을 준수하는 솔루션에 추가 가점이 있습니다.'),
(7,'현장 참여 필수 (숙박 제공).'),
(8,'의료법 관련 규정을 반드시 준수해야 합니다.'),
(9,'서울시 열린데이터광장 및 부산 빅데이터 플랫폼 API가 제공됩니다.'),
(10,'모든 취약점 분석은 지정된 샌드박스 환경에서만 수행해야 합니다.');

-- ============================================================
-- 9. HACKATHON_LINKS
-- ============================================================
INSERT INTO hackathon_links (hackathon_id, link_type, label, url) VALUES
(1,'WEBSITE','공식 홈페이지','https://daker.com'),
(1,'DISCORD','Discord 채널','https://discord.gg/daker'),
(2,'WEBSITE','공식 홈페이지','https://daker.com'),
(2,'NOTION','참가자 가이드','https://notion.so/xr-guide'),
(3,'WEBSITE','공공데이터 포털','https://data.go.kr'),
(3,'GITHUB','데이터셋 저장소','https://github.com/daker/datascience-2026'),
(4,'WEBSITE','공식 홈페이지','https://daker.com'),
(4,'DISCORD','Discord 채널','https://discord.gg/daker-mobile'),
(5,'WEBSITE','공식 홈페이지','https://daker.com'),
(5,'DISCORD','Discord 채널','https://discord.gg/daker-ai'),
(5,'NOTION','참가자 핸드북','https://notion.so/ai-hackathon-2026'),
(6,'WEBSITE','공식 홈페이지','https://daker.com'),
(7,'WEBSITE','공식 홈페이지','https://daker.com'),
(8,'WEBSITE','공식 홈페이지','https://daker.com'),
(9,'WEBSITE','서울 열린데이터광장','https://data.seoul.go.kr'),
(10,'WEBSITE','공식 홈페이지','https://daker.com');

-- ============================================================
-- 10. HACKATHON_SUBMISSION_RULES
-- ============================================================
INSERT INTO hackathon_submission_rules (hackathon_id, artifact_type, required, label, description, sort_order) VALUES
(1,'url', 1,'GitHub 저장소','소스코드가 포함된 GitHub 저장소 URL',1),
(1,'url', 1,'발표 자료','Google Slides 또는 PDF 링크',2),
(1,'url', 0,'데모 영상','YouTube 또는 Vimeo 데모 영상 링크',3),
(1,'text',1,'프로젝트 설명','프로젝트 개요 및 주요 기능 설명 (500자 이내)',4),
(3,'url', 1,'GitHub 저장소','분석 코드 및 Notebook이 포함된 저장소',1),
(3,'url', 1,'발표 자료','분석 결과 발표 자료 링크',2),
(3,'file',1,'분석 보고서','PDF 형식 분석 보고서 (필수 제출)',3),
(3,'text',1,'분석 요약','핵심 인사이트 및 결론 요약 (300자 이내)',4),
(5,'url', 1,'GitHub 저장소','소스코드 저장소',1),
(5,'url', 1,'서비스 URL','배포된 서비스 또는 데모 URL',2),
(5,'url', 0,'데모 영상','3분 이내 데모 영상',3),
(5,'text',1,'프로젝트 설명','서비스 개요, 사용 LLM, 주요 기능 (500자 이내)',4),
(6,'url', 1,'GitHub 저장소','소스코드 저장소',1),
(6,'url', 1,'서비스 데모','서비스 시연 영상 또는 라이브 URL',2),
(6,'text',1,'프로젝트 설명','서비스 개요 및 금융 규정 준수 방식 (500자 이내)',3);

-- ============================================================
-- 11. HACKATHON_JUDGES
-- judge1(2): H1-H6 전담
-- judge2(3): H1, H3, H5 (복수 심사)
-- ============================================================
INSERT INTO hackathon_judges (hackathon_id, user_id, assigned_at) VALUES
(1,2,'2026-01-05 00:00:00'),(1,3,'2026-01-05 00:00:00'),
(2,2,'2026-02-08 00:00:00'),
(3,2,'2026-03-01 00:00:00'),(3,3,'2026-03-01 00:00:00'),
(4,2,'2026-03-15 00:00:00'),
(5,2,'2026-03-25 00:00:00'),(5,3,'2026-03-25 00:00:00'),
(6,2,'2026-03-23 00:00:00');

-- ============================================================
-- 12. TEAMS (18개, H1-H6 각 3팀)
-- H1: team1(user1+user2), team2(user3+user4), team3(user5+user6)
-- H2: team4(user1+user7), team5(user2+user8), team6(user3+user9)
-- H3: team7(user4+user5), team8(user6+user7), team9(user8+user9)
-- H4: team10(user1+user4), team11(user2+user8), team12(user3+user9)
-- H5: team13(user5+user6), team14(user7+user1), team15(user2, solo)
-- H6: team16(user3+user4), team17(user8+user9), team18(user5, solo)
-- ============================================================
INSERT INTO teams (id, hackathon_id, owner_user_id, name, description, status, is_open, is_public,
    current_member_count, max_member_count, created_at, updated_at) VALUES
(1, 1,4,'Alpha Team','AI로 부동산 허위 매물을 탐지하는 서비스','CLOSED',0,1,2,4,'2025-12-15 10:00:00','2026-01-10 09:00:00'),
(2, 1,6,'Beta Team','AI 기반 중소기업 맞춤 채용 매칭 플랫폼','CLOSED',0,1,2,4,'2025-12-20 14:00:00','2026-01-10 09:00:00'),
(3, 1,8,'Gamma Squad','음성 인식 기반 실시간 회의록 자동화 서비스','CLOSED',0,1,2,4,'2025-12-22 11:00:00','2026-01-10 09:00:00'),
(4, 2,4,'Nova','XR 기반 실시간 원격 교육 플랫폼','CLOSED',0,1,2,5,'2026-01-20 10:00:00','2026-02-14 09:00:00'),
(5, 2,5,'Pixel','AR 쇼핑 경험 - 집에서 가구를 배치해보는 서비스','CLOSED',0,1,2,5,'2026-01-25 11:00:00','2026-02-14 09:00:00'),
(6, 2,6,'Prism','VR 가상 오피스 협업 플랫폼','CLOSED',0,1,2,5,'2026-01-28 13:00:00','2026-02-14 09:00:00'),
(7, 3,7,'Data+','서울시 미세먼지 데이터 기반 이동 경로 추천','CLOSED',0,1,2,3,'2026-02-10 09:00:00','2026-03-07 09:00:00'),
(8, 3,9,'Insight','공공데이터로 분석한 지역별 복지 사각지대','CLOSED',0,1,2,3,'2026-02-12 11:00:00','2026-03-07 09:00:00'),
(9, 3,11,'Sigma','전국 폐업 상권 데이터 기반 창업 입지 분석','CLOSED',0,1,2,3,'2026-02-15 09:00:00','2026-03-07 09:00:00'),
(10,4,4,'AppMakers','운동 루틴 공유 및 챌린지 앱','CLOSED',0,1,2,4,'2026-02-20 10:00:00','2026-03-21 09:00:00'),
(11,4,5,'MobileX','지역 소상공인 연결 장터 앱','CLOSED',0,1,2,4,'2026-02-22 14:00:00','2026-03-21 09:00:00'),
(12,4,6,'SwiftUI','시간표 공유 기반 약속 잡기 앱','CLOSED',0,1,2,4,'2026-02-24 10:00:00','2026-03-21 09:00:00'),
(13,5,8,'Spark','LLM 기반 코드 리뷰 자동화 서비스','OPEN',1,1,2,4,'2026-03-05 10:00:00','2026-03-30 09:00:00'),
(14,5,10,'Deep','AI 논문 요약 및 트렌드 분석 서비스','OPEN',1,1,2,4,'2026-03-06 11:00:00','2026-03-30 09:00:00'),
(15,5,5,'Flux','LLM 기반 개인 학습 플래너','OPEN',1,1,1,4,'2026-03-07 09:00:00','2026-03-30 09:00:00'),
(16,6,6,'FinX','소액 투자 자동화 및 포트폴리오 관리 앱','OPEN',1,1,2,5,'2026-03-05 15:00:00','2026-03-28 09:00:00'),
(17,6,11,'PayLink','오픈뱅킹 기반 간편 송금 및 정산 서비스','OPEN',1,1,2,5,'2026-03-06 16:00:00','2026-03-28 09:00:00'),
(18,6,8,'CryptoVault','블록체인 기반 개인 자산 관리 서비스','OPEN',1,1,1,5,'2026-03-07 10:00:00','2026-03-28 09:00:00');

-- ============================================================
-- 12-1. TEAM_POSITIONS
-- ============================================================
INSERT INTO team_positions (team_id, position_name, required_count) VALUES
(1,'백엔드',1),(1,'AI/ML',1),(2,'AI/ML',1),(2,'백엔드',1),
(3,'백엔드',1),(3,'프론트엔드',1),(4,'XR 개발',1),(4,'백엔드',1),
(5,'AR 개발',1),(5,'UI/UX',1),(6,'VR 개발',1),(6,'백엔드',1),
(7,'데이터 엔지니어',1),(7,'백엔드',1),(8,'데이터 분석',1),(8,'시각화',1),
(9,'ML 엔지니어',1),(9,'백엔드',1),(10,'Flutter',1),(10,'백엔드',1),
(11,'React Native',1),(11,'백엔드',1),(12,'Swift',1),(12,'백엔드',1),
(13,'LLM 엔지니어',1),(13,'백엔드',1),(14,'AI/ML',1),(14,'백엔드',1),
(15,'풀스택',1),(16,'핀테크 백엔드',1),(16,'프론트엔드',1),
(17,'백엔드',1),(17,'프론트엔드',1),(18,'블록체인',1);

-- ============================================================
-- 12-2. TEAM_PRIVATE_INFOS
-- ============================================================
INSERT INTO team_private_infos (team_id, contact_type, contact_value, internal_memo, edit_token, created_at, updated_at) VALUES
(1,'DISCORD','alpha-team#1234','AI 부동산 프로젝트','tok_alpha_001','2025-12-15 10:00:00','2025-12-15 10:00:00'),
(2,'SLACK','beta-team.slack.com','채용 매칭 플랫폼 팀','tok_beta_002','2025-12-20 14:00:00','2025-12-20 14:00:00'),
(3,'KAKAO','gamma-squad-group','음성 인식 회의록 팀','tok_gamma_003','2025-12-22 11:00:00','2025-12-22 11:00:00'),
(4,'DISCORD','nova-xr#5678','XR 교육 플랫폼 개발','tok_nova_004','2026-01-20 10:00:00','2026-01-20 10:00:00'),
(5,'KAKAO','pixel-ar-group','AR 쇼핑 서비스','tok_pixel_005','2026-01-25 11:00:00','2026-01-25 11:00:00'),
(6,'SLACK','prism.slack.com','VR 오피스 협업 팀','tok_prism_006','2026-01-28 13:00:00','2026-01-28 13:00:00'),
(7,'DISCORD','dataplus#9012','미세먼지 경로 추천 프로젝트','tok_data_007','2026-02-10 09:00:00','2026-02-10 09:00:00'),
(8,'SLACK','insight.slack.com','공공데이터 복지 분석 팀','tok_insight_008','2026-02-12 11:00:00','2026-02-12 11:00:00'),
(9,'KAKAO','sigma-data-group','상권 분석 팀','tok_sigma_009','2026-02-15 09:00:00','2026-02-15 09:00:00'),
(10,'DISCORD','appmakers#3456','운동 챌린지 앱 개발','tok_app_010','2026-02-20 10:00:00','2026-02-20 10:00:00'),
(11,'KAKAO','mobilex-group','지역 장터 앱','tok_mobile_011','2026-02-22 14:00:00','2026-02-22 14:00:00'),
(12,'DISCORD','swiftui-dev#7890','약속 앱 개발 채널','tok_swift_012','2026-02-24 10:00:00','2026-02-24 10:00:00'),
(13,'DISCORD','spark-llm#7890','LLM 코드 리뷰 서비스','tok_spark_013','2026-03-05 10:00:00','2026-03-05 10:00:00'),
(14,'SLACK','deep-ai.slack.com','AI 논문 요약 서비스','tok_deep_014','2026-03-06 11:00:00','2026-03-06 11:00:00'),
(15,'KAKAO','flux-llm-group','LLM 학습 플래너 팀','tok_flux_015','2026-03-07 09:00:00','2026-03-07 09:00:00'),
(16,'DISCORD','finx-dev#2345','소액 투자 앱 개발','tok_finx_016','2026-03-05 15:00:00','2026-03-05 15:00:00'),
(17,'SLACK','paylink.slack.com','간편 송금 서비스 팀','tok_pay_017','2026-03-06 16:00:00','2026-03-06 16:00:00'),
(18,'KAKAO','cryptovault-group','블록체인 자산 관리 팀','tok_crypto_018','2026-03-07 10:00:00','2026-03-07 10:00:00');

-- ============================================================
-- 13. TEAM_MEMBERS
-- ============================================================
INSERT INTO team_members (team_id, user_id, role_type, position, joined_at) VALUES
-- H1
(1,4,'OWNER','백엔드','2025-12-15 10:00:00'),(1,5,'MEMBER','AI/ML','2025-12-16 11:00:00'),
(2,6,'OWNER','AI/ML','2025-12-20 14:00:00'),(2,7,'MEMBER','백엔드','2025-12-21 10:00:00'),
(3,8,'OWNER','백엔드','2025-12-22 11:00:00'),(3,9,'MEMBER','프론트엔드','2025-12-23 10:00:00'),
-- H2
(4,4,'OWNER','백엔드','2026-01-20 10:00:00'),(4,10,'MEMBER','XR 개발','2026-01-21 09:00:00'),
(5,5,'OWNER','AR 개발','2026-01-25 11:00:00'),(5,11,'MEMBER','UI/UX','2026-01-26 10:00:00'),
(6,6,'OWNER','VR 개발','2026-01-28 13:00:00'),(6,12,'MEMBER','백엔드','2026-01-29 11:00:00'),
-- H3
(7,7,'OWNER','데이터 엔지니어','2026-02-10 09:00:00'),(7,8,'MEMBER','백엔드','2026-02-11 10:00:00'),
(8,9,'OWNER','데이터 분석','2026-02-12 11:00:00'),(8,10,'MEMBER','시각화','2026-02-13 10:00:00'),
(9,11,'OWNER','ML 엔지니어','2026-02-15 09:00:00'),(9,12,'MEMBER','백엔드','2026-02-16 10:00:00'),
-- H4
(10,4,'OWNER','Flutter','2026-02-20 10:00:00'),(10,7,'MEMBER','백엔드','2026-02-21 11:00:00'),
(11,5,'OWNER','React Native','2026-02-22 14:00:00'),(11,11,'MEMBER','백엔드','2026-02-23 09:00:00'),
(12,6,'OWNER','Swift','2026-02-24 10:00:00'),(12,12,'MEMBER','백엔드','2026-02-25 11:00:00'),
-- H5
(13,8,'OWNER','LLM 엔지니어','2026-03-05 10:00:00'),(13,9,'MEMBER','백엔드','2026-03-06 11:00:00'),
(14,10,'OWNER','AI/ML','2026-03-06 11:00:00'),(14,4,'MEMBER','백엔드','2026-03-07 09:00:00'),
(15,5,'OWNER','풀스택','2026-03-07 09:00:00'),
-- H6
(16,6,'OWNER','핀테크 백엔드','2026-03-05 15:00:00'),(16,7,'MEMBER','프론트엔드','2026-03-06 16:00:00'),
(17,11,'OWNER','백엔드','2026-03-06 16:00:00'),(17,12,'MEMBER','프론트엔드','2026-03-07 10:00:00'),
(18,8,'OWNER','블록체인','2026-03-07 10:00:00');

-- ============================================================
-- 14. TEAM_APPLICATIONS
-- ============================================================
INSERT INTO team_applications (team_id, user_id, message, position, status, processed_by_user_id, created_at, processed_at) VALUES
(1,5,'AI 모델 개발 경험이 있습니다.','AI/ML','ACCEPTED',4,'2025-12-16 10:00:00','2025-12-16 11:00:00'),
(2,7,'데이터 분석 및 백엔드 개발 가능합니다.','백엔드','ACCEPTED',6,'2025-12-21 09:00:00','2025-12-21 10:00:00'),
(3,9,'프론트엔드 React 2년 경험 있습니다.','프론트엔드','ACCEPTED',8,'2025-12-23 09:00:00','2025-12-23 10:00:00'),
(4,10,'Unity XR 개발 1년 경험 있습니다.','XR 개발','ACCEPTED',4,'2026-01-21 08:00:00','2026-01-21 09:00:00'),
(5,11,'ARKit 사용 경험 있습니다.','UI/UX','ACCEPTED',5,'2026-01-26 09:00:00','2026-01-26 10:00:00'),
(6,12,'WebXR 및 Three.js 개발 가능합니다.','백엔드','ACCEPTED',6,'2026-01-29 10:00:00','2026-01-29 11:00:00'),
(7,8,'Python 데이터 분석 잘합니다.','백엔드','ACCEPTED',7,'2026-02-11 09:00:00','2026-02-11 10:00:00'),
(8,10,'Tableau, D3.js 시각화 경험 있습니다.','시각화','ACCEPTED',9,'2026-02-13 09:00:00','2026-02-13 10:00:00'),
(9,12,'PyTorch ML 모델링 가능합니다.','백엔드','ACCEPTED',11,'2026-02-16 09:00:00','2026-02-16 10:00:00'),
(10,7,'Flutter 앱 개발 경험 있습니다.','백엔드','ACCEPTED',4,'2026-02-21 10:00:00','2026-02-21 11:00:00'),
(11,11,'React Native 및 iOS 개발 가능합니다.','백엔드','ACCEPTED',5,'2026-02-23 08:00:00','2026-02-23 09:00:00'),
(12,12,'Swift UI 경험 있습니다.','백엔드','ACCEPTED',6,'2026-02-25 10:00:00','2026-02-25 11:00:00'),
(13,9,'LLM 프롬프트 엔지니어링 경험 있습니다.','백엔드','ACCEPTED',8,'2026-03-06 10:00:00','2026-03-06 11:00:00'),
(14,4,'LangChain RAG 파이프라인 구축 경험 있습니다.','백엔드','ACCEPTED',10,'2026-03-07 08:00:00','2026-03-07 09:00:00'),
(16,7,'핀테크 도메인 지식 보유.','프론트엔드','ACCEPTED',6,'2026-03-06 15:00:00','2026-03-06 16:00:00'),
(17,12,'Vue.js 프론트엔드 개발 가능합니다.','프론트엔드','ACCEPTED',11,'2026-03-07 09:00:00','2026-03-07 10:00:00');

-- ============================================================
-- 15. HACKATHON_REGISTRATIONS
-- ============================================================
INSERT INTO hackathon_registrations (hackathon_id, team_id, registered_at) VALUES
(1,1,'2025-12-15 10:00:00'),(1,2,'2025-12-20 14:00:00'),(1,3,'2025-12-22 11:00:00'),
(2,4,'2026-01-20 10:00:00'),(2,5,'2026-01-25 11:00:00'),(2,6,'2026-01-28 13:00:00'),
(3,7,'2026-02-10 09:00:00'),(3,8,'2026-02-12 11:00:00'),(3,9,'2026-02-15 09:00:00'),
(4,10,'2026-02-20 10:00:00'),(4,11,'2026-02-22 14:00:00'),(4,12,'2026-02-24 10:00:00'),
(5,13,'2026-03-05 10:00:00'),(5,14,'2026-03-06 11:00:00'),(5,15,'2026-03-07 09:00:00'),
(6,16,'2026-03-05 15:00:00'),(6,17,'2026-03-06 16:00:00'),(6,18,'2026-03-07 10:00:00');

-- ============================================================
-- 16. SUBMISSIONS
-- ============================================================
INSERT INTO submissions (id, hackathon_id, team_id, submitter_user_id, status, revision_no, is_latest, submitted_at, created_at, updated_at) VALUES
-- H1 (ENDED)
(1, 1,1,4,'SUBMITTED',1,1,'2026-01-12 13:00:00','2026-01-12 13:00:00','2026-01-12 13:00:00'),
(2, 1,2,6,'SUBMITTED',1,1,'2026-01-12 13:30:00','2026-01-12 13:30:00','2026-01-12 13:30:00'),
(3, 1,3,8,'SUBMITTED',1,1,'2026-01-12 14:00:00','2026-01-12 14:00:00','2026-01-12 14:00:00'),
-- H2 (ENDED)
(4, 2,4,4,'SUBMITTED',1,1,'2026-02-16 13:00:00','2026-02-16 13:00:00','2026-02-16 13:00:00'),
(5, 2,5,5,'SUBMITTED',1,1,'2026-02-16 13:30:00','2026-02-16 13:30:00','2026-02-16 13:30:00'),
(6, 2,6,6,'SUBMITTED',1,1,'2026-02-16 14:00:00','2026-02-16 14:00:00','2026-02-16 14:00:00'),
-- H3 (CLOSED) - revision 포함
(7, 3,7,7,'SUBMITTED',2,1,'2026-03-09 13:30:00','2026-03-09 13:30:00','2026-03-09 13:30:00'),
(8, 3,7,7,'SUBMITTED',1,0,'2026-03-09 10:00:00','2026-03-09 10:00:00','2026-03-09 13:30:00'),
(9, 3,8,9,'SUBMITTED',1,1,'2026-03-09 13:00:00','2026-03-09 13:00:00','2026-03-09 13:00:00'),
(10,3,9,11,'SUBMITTED',1,1,'2026-03-09 14:00:00','2026-03-09 14:00:00','2026-03-09 14:00:00'),
-- H4 (CLOSED)
(11,4,10,4,'SUBMITTED',1,1,'2026-03-23 13:00:00','2026-03-23 13:00:00','2026-03-23 13:00:00'),
(12,4,11,5,'SUBMITTED',2,1,'2026-03-23 14:30:00','2026-03-23 14:30:00','2026-03-23 14:30:00'),
(13,4,11,5,'SUBMITTED',1,0,'2026-03-23 11:00:00','2026-03-23 11:00:00','2026-03-23 14:30:00'),
(14,4,12,6,'SUBMITTED',1,1,'2026-03-23 13:30:00','2026-03-23 13:30:00','2026-03-23 13:30:00'),
-- H5 (OPEN, 진행중)
(15,5,13,8,'SUBMITTED',1,1,'2026-04-01 08:00:00','2026-04-01 08:00:00','2026-04-01 08:00:00'),
(16,5,14,10,'SUBMITTED',1,1,'2026-04-02 09:00:00','2026-04-02 09:00:00','2026-04-02 09:00:00'),
-- H6 (OPEN, 진행중)
(17,6,16,6,'SUBMITTED',1,1,'2026-04-01 07:00:00','2026-04-01 07:00:00','2026-04-01 07:00:00'),
(18,6,17,11,'SUBMITTED',1,1,'2026-04-02 08:00:00','2026-04-02 08:00:00','2026-04-02 08:00:00');

-- ============================================================
-- 17. SUBMISSION_ITEMS
-- H3 제출물에 파일(fileName) 포함 → 심사위원 다운로드 테스트용
-- ============================================================
INSERT INTO submission_items (submission_id, rule_id, value_text, value_url, file_name, original_file_name, file_extension, file_size, is_final) VALUES
-- Submission 1 (H1, Alpha Team)
(1,NULL,NULL,'https://github.com/alpha-team/ai-real-estate',NULL,NULL,NULL,NULL,1),
(1,NULL,NULL,'https://slides.google.com/alpha-pitch',NULL,NULL,NULL,NULL,1),
(1,NULL,NULL,'https://youtu.be/alpha-demo-2026',NULL,NULL,NULL,NULL,1),
(1,NULL,'AI와 NLP 기술로 부동산 허위 매물을 탐지하는 서비스. BERT 파인튜닝으로 정확도 92% 달성.',NULL,NULL,NULL,NULL,NULL,1),
-- Submission 2 (H1, Beta Team)
(2,NULL,NULL,'https://github.com/beta-team/ai-job-match',NULL,NULL,NULL,NULL,1),
(2,NULL,NULL,'https://slides.google.com/beta-pitch',NULL,NULL,NULL,NULL,1),
(2,NULL,'중소기업과 구직자를 AI로 매칭하는 플랫폼. 기업 문화와 지원자 패턴을 분석하여 최적 매칭 제안.',NULL,NULL,NULL,NULL,NULL,1),
-- Submission 3 (H1, Gamma Squad)
(3,NULL,NULL,'https://github.com/gamma/meeting-transcriber',NULL,NULL,NULL,NULL,1),
(3,NULL,NULL,'https://slides.google.com/gamma-pitch',NULL,NULL,NULL,NULL,1),
(3,NULL,NULL,'https://youtu.be/gamma-demo-2026',NULL,NULL,NULL,NULL,1),
(3,NULL,'Whisper API와 GPT-4를 결합하여 실시간 회의 내용을 요약하고 액션 아이템을 추출하는 서비스.',NULL,NULL,NULL,NULL,NULL,1),
-- Submission 4 (H2, Nova)
(4,NULL,NULL,'https://github.com/nova-team/xr-edu',NULL,NULL,NULL,NULL,1),
(4,NULL,NULL,'https://youtu.be/nova-xr-demo',NULL,NULL,NULL,NULL,1),
(4,NULL,'Meta Quest 3를 활용한 실시간 원격 교육 플랫폼. 교사와 학생이 같은 가상 공간에서 실험 실습 가능.',NULL,NULL,NULL,NULL,NULL,1),
-- Submission 5 (H2, Pixel)
(5,NULL,NULL,'https://github.com/pixel-team/ar-furniture',NULL,NULL,NULL,NULL,1),
(5,NULL,NULL,'https://youtu.be/pixel-ar-demo',NULL,NULL,NULL,NULL,1),
(5,NULL,'AR 기술을 활용한 가구 배치 시뮬레이션 앱. 실내 공간 스캔 후 실제 크기 3D 가구 배치 가능.',NULL,NULL,NULL,NULL,NULL,1),
-- Submission 6 (H2, Prism)
(6,NULL,NULL,'https://github.com/prism-team/vr-office',NULL,NULL,NULL,NULL,1),
(6,NULL,NULL,'https://youtu.be/prism-vr-demo',NULL,NULL,NULL,NULL,1),
(6,NULL,'VR 가상 오피스에서 팀원과 협업하는 플랫폼. 3D 화이트보드와 화상회의 통합.',NULL,NULL,NULL,NULL,NULL,1),
-- Submission 7 (H3, Data+ - 최신, revision 2) - 파일 포함!
(7,NULL,NULL,'https://github.com/dataplus/finedust-route',NULL,NULL,NULL,NULL,1),
(7,NULL,NULL,'https://slides.google.com/dataplus-v2',NULL,NULL,NULL,NULL,1),
(7,NULL,NULL,NULL,'daker/submissions/hackathon-3/team-7/a1b2c3d4_analysis_report_v2.pdf','분석보고서_v2.pdf','pdf',2457600,1),
(7,NULL,'서울시 미세먼지 공공데이터 3년치 분석. 시간대별 오염도 패턴 기반 최적 이동 경로 추천. RMSE 0.82 달성.',NULL,NULL,NULL,NULL,NULL,1),
-- Submission 9 (H3, Insight) - 파일 포함!
(9,NULL,NULL,'https://github.com/insight-team/welfare-gap',NULL,NULL,NULL,NULL,1),
(9,NULL,NULL,'https://slides.google.com/insight-welfare',NULL,NULL,NULL,NULL,1),
(9,NULL,NULL,NULL,'daker/submissions/hackathon-3/team-8/e5f6g7h8_welfare_analysis_report.pdf','복지사각지대_분석보고서.pdf','pdf',1843200,1),
(9,NULL,'통계청 + 서울시 공공데이터 결합 분석. 지역별 1인 가구 밀집도와 복지 시설 분포 교차 분석으로 복지 사각지대 17개 구역 식별.',NULL,NULL,NULL,NULL,NULL,1),
-- Submission 10 (H3, Sigma) - 파일 포함!
(10,NULL,NULL,'https://github.com/sigma-team/startup-location',NULL,NULL,NULL,NULL,1),
(10,NULL,NULL,'https://slides.google.com/sigma-startup',NULL,NULL,NULL,NULL,1),
(10,NULL,NULL,NULL,'daker/submissions/hackathon-3/team-9/i9j0k1l2_startup_location_report.pdf','창업입지분석_보고서.pdf','pdf',3145728,1),
(10,NULL,'전국 폐업 상권 데이터 5년치 분석. 생존율 높은 업종과 입지 조건 상관관계 분석으로 창업 성공 입지 추천 모델 개발.',NULL,NULL,NULL,NULL,NULL,1),
-- Submission 11 (H4, AppMakers)
(11,NULL,NULL,'https://github.com/appmakers/workout-challenge',NULL,NULL,NULL,NULL,1),
(11,NULL,NULL,'https://apps.apple.com/appmakers-workout',NULL,NULL,NULL,NULL,1),
(11,NULL,'운동 루틴 공유와 친구 챌린지 소셜 피트니스 앱. Flutter로 iOS/Android 동시 출시.',NULL,NULL,NULL,NULL,NULL,1),
-- Submission 12 (H4, MobileX - 최신)
(12,NULL,NULL,'https://github.com/mobilex/local-market',NULL,NULL,NULL,NULL,1),
(12,NULL,NULL,'https://play.google.com/mobilex-market',NULL,NULL,NULL,NULL,1),
(12,NULL,'위치 기반 반경 1km 소상공인 오늘의 특가 및 재고 실시간 확인 앱. 하이퍼로컬 마켓.',NULL,NULL,NULL,NULL,NULL,1),
-- Submission 14 (H4, SwiftUI)
(14,NULL,NULL,'https://github.com/swiftui-team/schedule-app',NULL,NULL,NULL,NULL,1),
(14,NULL,NULL,'https://apps.apple.com/swiftui-schedule',NULL,NULL,NULL,NULL,1),
(14,NULL,'시간표 기반 공통 자유 시간을 자동으로 찾아 약속을 잡아주는 앱. SwiftUI + Kotlin 개발.',NULL,NULL,NULL,NULL,NULL,1),
-- Submission 15 (H5, Spark)
(15,NULL,NULL,'https://github.com/spark-team/llm-code-review',NULL,NULL,NULL,NULL,1),
(15,NULL,NULL,'https://spark-review.vercel.app',NULL,NULL,NULL,NULL,1),
(15,NULL,'Claude API로 GitHub PR에 자동 코드 리뷰 코멘트. 버그, 보안 취약점, 코드 스타일 자동 제안.',NULL,NULL,NULL,NULL,NULL,1),
-- Submission 16 (H5, Deep)
(16,NULL,NULL,'https://github.com/deep-team/paper-summary',NULL,NULL,NULL,NULL,1),
(16,NULL,NULL,'https://deep-research.vercel.app',NULL,NULL,NULL,NULL,1),
(16,NULL,'arXiv 최신 논문을 GPT-4o로 3줄 요약하고 트렌드 키워드를 추출하는 서비스.',NULL,NULL,NULL,NULL,NULL,1),
-- Submission 17 (H6, FinX)
(17,NULL,NULL,'https://github.com/finx-team/micro-invest',NULL,NULL,NULL,NULL,1),
(17,NULL,NULL,'https://youtu.be/finx-demo',NULL,NULL,NULL,NULL,1),
(17,NULL,'카드 결제 잔돈을 자동으로 ETF에 투자하고 AI 포트폴리오 리밸런싱 앱.',NULL,NULL,NULL,NULL,NULL,1),
-- Submission 18 (H6, PayLink)
(18,NULL,NULL,'https://github.com/paylink-team/easy-transfer',NULL,NULL,NULL,NULL,1),
(18,NULL,NULL,'https://paylink-demo.vercel.app',NULL,NULL,NULL,NULL,1),
(18,NULL,'오픈뱅킹 API 기반 여러 은행 계좌를 한 앱에서 관리하고 정산하는 간편 송금 서비스.',NULL,NULL,NULL,NULL,NULL,1);

-- ============================================================
-- 18. JUDGE_EVALUATIONS (올바른 scores_json 포맷: [점수1, 점수2, ...])
-- H1 기준: [아이디어혁신성(30), 기술완성도(30), 비즈니스가능성(30), 발표력(10)]
-- H3 기준: [데이터활용도(30), 분석정확도(40), 시각화품질(20), 발표력(10)]
-- H5 기준: [AI활용도(30), 기술완성도(30), 비즈니스임팩트(30), 발표력(10)]
-- H6 기준: [금융혁신성(35), 보안안전성(35), 사용자편의성(20), 발표력(10)]
-- 결과: H1(team1 1등88, team2 2등75, team3 3등62)
--       H3(team7 1등91, team8 2등78, team9 3등65)
-- ============================================================
INSERT INTO judge_evaluations (hackathon_id, team_id, judge_user_id, total_score, scores_json, created_at, updated_at) VALUES
-- H1 judge1(2) 심사
(1,1,2,88.0,'[28.0,27.0,26.0,7.0]','2026-01-12 18:00:00','2026-01-12 18:00:00'),
(1,2,2,75.0,'[22.0,25.0,22.0,6.0]','2026-01-12 18:15:00','2026-01-12 18:15:00'),
(1,3,2,62.0,'[18.0,20.0,17.0,7.0]','2026-01-12 18:30:00','2026-01-12 18:30:00'),
-- H1 judge2(3) 심사
(1,1,3,90.0,'[28.0,29.0,25.0,8.0]','2026-01-12 18:05:00','2026-01-12 18:05:00'),
(1,2,3,73.0,'[22.0,24.0,20.0,7.0]','2026-01-12 18:20:00','2026-01-12 18:20:00'),
(1,3,3,60.0,'[17.0,19.0,17.0,7.0]','2026-01-12 18:35:00','2026-01-12 18:35:00'),
-- H3 judge1(2) 심사
(3,7,2,91.0,'[28.0,38.0,18.0,7.0]','2026-03-09 18:00:00','2026-03-09 18:00:00'),
(3,8,2,78.0,'[24.0,32.0,16.0,6.0]','2026-03-09 18:15:00','2026-03-09 18:15:00'),
(3,9,2,65.0,'[20.0,26.0,13.0,6.0]','2026-03-09 18:30:00','2026-03-09 18:30:00'),
-- H3 judge2(3) 심사
(3,7,3,92.0,'[27.0,38.0,19.0,8.0]','2026-03-09 18:05:00','2026-03-09 18:05:00'),
(3,8,3,79.0,'[25.0,32.0,15.0,7.0]','2026-03-09 18:20:00','2026-03-09 18:20:00'),
(3,9,3,64.0,'[21.0,25.0,11.0,7.0]','2026-03-09 18:35:00','2026-03-09 18:35:00'),
-- H5 judge1(2) 심사 (OPEN, 일부 진행)
(5,13,2,83.0,'[25.0,26.0,24.0,8.0]','2026-04-03 14:00:00','2026-04-03 14:00:00'),
(5,14,2,70.0,'[22.0,20.0,21.0,7.0]','2026-04-03 14:30:00','2026-04-03 14:30:00'),
-- H5 judge2(3) 심사 (OPEN, 일부 진행)
(5,13,3,85.0,'[26.0,27.0,24.0,8.0]','2026-04-03 15:00:00','2026-04-03 15:00:00'),
-- H6 judge1(2) 심사 (OPEN, 일부 진행)
(6,16,2,82.0,'[28.0,30.0,16.0,8.0]','2026-04-04 10:00:00','2026-04-04 10:00:00'),
(6,17,2,75.0,'[25.0,27.0,17.0,6.0]','2026-04-04 10:30:00','2026-04-04 10:30:00');

-- ============================================================
-- 19. VOTES (VOTE 타입 ENDED/CLOSED)
-- H2: team4(Nova) 6표, team5(Pixel) 4표, team6(Prism) 2표
-- H4: team10(AppMakers) 6표, team11(MobileX) 5표, team12(SwiftUI) 1표
-- ============================================================
INSERT INTO votes (hackathon_id, voter_id, team_id, voted_at) VALUES
-- H2 투표
-- team4(user1=4, user7=10 소속) → team5 또는 team6 투표
(2,4,5,'2026-02-16 15:10:00'),   -- user1 → Pixel
(2,10,6,'2026-02-16 15:15:00'),  -- user7 → Prism
-- team5(user2=5, user8=11 소속) → team4 또는 team6 투표
(2,5,4,'2026-02-16 15:20:00'),   -- user2 → Nova
(2,11,4,'2026-02-16 15:25:00'),  -- user8 → Nova
-- team6(user3=6, user9=12 소속) → team4 또는 team5 투표
(2,6,5,'2026-02-16 15:30:00'),   -- user3 → Pixel
(2,12,4,'2026-02-16 15:35:00'),  -- user9 → Nova
-- 비소속 유저 자유 투표
(2,1,4,'2026-02-16 16:00:00'),   -- admin → Nova
(2,2,5,'2026-02-16 16:05:00'),   -- judge1 → Pixel
(2,3,4,'2026-02-16 16:10:00'),   -- judge2 → Nova
(2,7,4,'2026-02-16 16:15:00'),   -- user4 → Nova
(2,8,6,'2026-02-16 16:20:00'),   -- user5 → Prism
(2,9,5,'2026-02-16 16:25:00'),   -- user6 → Pixel

-- H4 투표
-- team10(user1=4, user4=7 소속) → team11 또는 team12 투표
(4,4,11,'2026-03-23 15:10:00'),  -- user1 → MobileX
(4,7,12,'2026-03-23 15:15:00'),  -- user4 → SwiftUI
-- team11(user2=5, user8=11 소속) → team10 또는 team12 투표
(4,5,10,'2026-03-23 15:20:00'),  -- user2 → AppMakers
(4,11,10,'2026-03-23 15:25:00'), -- user8 → AppMakers
-- team12(user3=6, user9=12 소속) → team10 또는 team11 투표
(4,6,11,'2026-03-23 15:30:00'),  -- user3 → MobileX
(4,12,10,'2026-03-23 15:35:00'), -- user9 → AppMakers
-- 비소속 유저 자유 투표
(4,1,10,'2026-03-23 16:00:00'),  -- admin → AppMakers
(4,2,10,'2026-03-23 16:05:00'),  -- judge1 → AppMakers
(4,3,11,'2026-03-23 16:10:00'),  -- judge2 → MobileX
(4,8,11,'2026-03-23 16:15:00'),  -- user5 → MobileX
(4,9,10,'2026-03-23 16:20:00'),  -- user6 → AppMakers
(4,10,11,'2026-03-23 16:25:00'); -- user7 → MobileX

-- ============================================================
-- 20. USER_XP_HISTORY
-- H1(SCORE): team1(1등) > team2(2등) > team3(3등)
-- H2(VOTE):  Nova(team4,6표,1등) > Pixel(team5,4표,2등) > Prism(team6,2표,3등)
-- H3(SCORE): team7(1등) > team8(2등) > team9(3등)
-- H4(VOTE):  AppMakers(team10,6표,1등) > MobileX(team11,5표,2등) > SwiftUI(team12,1표,3등)
--
-- XP 합계:
--   user1(4):  H1-1st(500) + H2-1st(500) + H4-1st(500) = 1500
--   user2(5):  H1-1st(500) + H2-2nd(300) + H4-2nd(300) = 1100
--   user3(6):  H1-2nd(300) + H2-3rd(200) + H4-3rd(200) = 700
--   user4(7):  H1-2nd(300) + H3-1st(500) + H4-1st(500) = 1300
--   user5(8):  H1-3rd(200) + H3-1st(500)               = 700
--   user6(9):  H1-3rd(200) + H3-2nd(300)               = 500
--   user7(10): H2-1st(500) + H3-2nd(300)               = 800
--   user8(11): H2-2nd(300) + H3-3rd(200) + H4-2nd(300) = 800
--   user9(12): H2-3rd(200) + H3-3rd(200) + H4-3rd(200) = 600
-- ============================================================
INSERT INTO user_xp_history (user_id, hackathon_id, type, amount, earned_at) VALUES
-- H1 수상
(4,1,'AWARD_1ST',500,'2026-01-12 18:00:00'), -- user1 (team1 1등)
(5,1,'AWARD_1ST',500,'2026-01-12 18:00:00'), -- user2 (team1 1등)
(6,1,'AWARD_2ND',300,'2026-01-12 18:00:00'), -- user3 (team2 2등)
(7,1,'AWARD_2ND',300,'2026-01-12 18:00:00'), -- user4 (team2 2등)
(8,1,'AWARD_3RD',200,'2026-01-12 18:00:00'), -- user5 (team3 3등)
(9,1,'AWARD_3RD',200,'2026-01-12 18:00:00'), -- user6 (team3 3등)
-- H2 수상
(4,2,'AWARD_1ST',500,'2026-02-16 18:00:00'), -- user1 (Nova 1등)
(10,2,'AWARD_1ST',500,'2026-02-16 18:00:00'),-- user7 (Nova 1등)
(5,2,'AWARD_2ND',300,'2026-02-16 18:00:00'), -- user2 (Pixel 2등)
(11,2,'AWARD_2ND',300,'2026-02-16 18:00:00'),-- user8 (Pixel 2등)
(6,2,'AWARD_3RD',200,'2026-02-16 18:00:00'), -- user3 (Prism 3등)
(12,2,'AWARD_3RD',200,'2026-02-16 18:00:00'),-- user9 (Prism 3등)
-- H3 수상
(7,3,'AWARD_1ST',500,'2026-03-09 18:00:00'), -- user4 (Data+ 1등)
(8,3,'AWARD_1ST',500,'2026-03-09 18:00:00'), -- user5 (Data+ 1등)
(9,3,'AWARD_2ND',300,'2026-03-09 18:00:00'), -- user6 (Insight 2등)
(10,3,'AWARD_2ND',300,'2026-03-09 18:00:00'),-- user7 (Insight 2등)
(11,3,'AWARD_3RD',200,'2026-03-09 18:00:00'),-- user8 (Sigma 3등)
(12,3,'AWARD_3RD',200,'2026-03-09 18:00:00'),-- user9 (Sigma 3등)
-- H4 수상
(4,4,'AWARD_1ST',500,'2026-03-23 18:00:00'), -- user1 (AppMakers 1등)
(7,4,'AWARD_1ST',500,'2026-03-23 18:00:00'), -- user4 (AppMakers 1등)
(5,4,'AWARD_2ND',300,'2026-03-23 18:00:00'), -- user2 (MobileX 2등)
(11,4,'AWARD_2ND',300,'2026-03-23 18:00:00'),-- user8 (MobileX 2등)
(6,4,'AWARD_3RD',200,'2026-03-23 18:00:00'), -- user3 (SwiftUI 3등)
(12,4,'AWARD_3RD',200,'2026-03-23 18:00:00');-- user9 (SwiftUI 3등)

-- ============================================================
-- 21. USER_TAGS
-- ============================================================
INSERT INTO user_tags (user_id, tag_id) VALUES
(4,1),(4,2),(4,3),       -- user1: AI, 스타트업, 머신러닝
(5,12),(5,15),(5,14),    -- user2: 모바일, Flutter, Android
(6,8),(6,9),(6,10),      -- user3: 데이터분석, 빅데이터, Python
(7,1),(7,16),(7,18),     -- user4: AI, LLM, 생성형AI
(8,8),(8,11),(8,10),     -- user5: 데이터분석, ML, Python
(9,19),(9,20),(9,21),    -- user6: 핀테크, 블록체인, 금융
(10,4),(10,5),(10,7),    -- user7: XR, 메타버스, AR
(11,12),(11,13),(11,15), -- user8: 모바일, iOS, Flutter
(12,32),(12,33),(12,34); -- user9: 보안, CTF, 취약점분석

-- ============================================================
-- 추가 해커톤 (진행중 2개, 모집중 2개)
-- H11: 웹3 블록체인 해커톤 (CLOSED/SCORE) - 진행중
-- H12: 에듀테크 챌린지 (CLOSED/VOTE) - 진행중
-- H13: 소셜임팩트 해커톤 (OPEN/SCORE) - 모집중
-- H14: 클라우드 네이티브 챌린지 (OPEN/VOTE) - 모집중
-- ============================================================

INSERT INTO hackathons (id, title, summary, description, thumbnail_url, organizer, status, score_type,
    start_date, end_date, registration_start_date, registration_end_date, submission_deadline_at,
    closed_at, max_team_size, max_participants, camp_enabled, allow_solo, deleted, created_at, updated_at) VALUES
(11, '웹3 블록체인 해커톤 2026',
 '블록체인 기술로 탈중앙화 서비스를 48시간 안에 구현하세요',
 'EVM 기반 스마트 컨트랙트, DeFi, NFT 등 다양한 웹3 기술을 활용하여 실제 문제를 해결하는 dApp을 개발합니다.',
 'https://picsum.photos/seed/hack11/800/400', 'Daker', 'CLOSED', 'SCORE',
 '2026-03-31 09:00:00', '2026-04-14 18:00:00',
 '2026-02-20 00:00:00', '2026-03-26 23:59:59', '2026-04-14 15:00:00',
 '2026-03-27 09:00:00', 4, 100, 0, 0, 0, '2026-02-10 00:00:00', '2026-03-31 09:00:00'),
(12, '에듀테크 이노베이션 챌린지',
 'AI와 데이터로 교육의 미래를 바꾸는 서비스를 만들어보세요',
 '개인 맞춤 학습, 학습 분석, 교육 접근성 등 교육 문제를 기술로 해결하는 서비스를 개발합니다.',
 'https://picsum.photos/seed/hack12/800/400', 'Daker', 'CLOSED', 'VOTE',
 '2026-04-01 09:00:00', '2026-04-13 18:00:00',
 '2026-02-25 00:00:00', '2026-03-28 23:59:59', '2026-04-03 15:00:00',
 '2026-03-29 09:00:00', 5, 80, 1, 1, 0, '2026-02-15 00:00:00', '2026-04-01 09:00:00'),
(13, '소셜임팩트 해커톤 2026',
 '기술로 사회 문제를 해결하는 임팩트 있는 서비스를 개발하세요',
 '환경, 복지, 교육 불평등 등 사회 문제를 해결하는 기술 솔루션을 개발합니다. 우수팀에게는 사회적기업 인큐베이팅 기회가 제공됩니다.',
 'https://picsum.photos/seed/hack13/800/400', 'Daker', 'OPEN', 'SCORE',
 '2026-04-25 09:00:00', '2026-04-27 18:00:00',
 '2026-03-20 00:00:00', '2026-04-20 23:59:59', '2026-04-27 15:00:00',
 NULL, 4, 120, 0, 1, 0, '2026-03-10 00:00:00', '2026-03-20 00:00:00'),
(14, '클라우드 네이티브 챌린지',
 'Kubernetes, MSA 기반의 클라우드 네이티브 서비스를 설계하고 배포하세요',
 '도커, 쿠버네티스, 서비스 메시 등 클라우드 네이티브 기술 스택을 활용한 확장 가능한 서비스를 구축합니다.',
 'https://picsum.photos/seed/hack14/800/400', 'Daker', 'OPEN', 'VOTE',
 '2026-04-22 09:00:00', '2026-04-24 18:00:00',
 '2026-03-25 00:00:00', '2026-04-18 23:59:59', '2026-04-24 15:00:00',
 NULL, 3, 60, 0, 0, 0, '2026-03-15 00:00:00', '2026-03-25 00:00:00');

INSERT INTO tags (id, name) VALUES
(35,'웹3'),(36,'DeFi'),(37,'NFT'),(38,'스마트컨트랙트'),
(39,'에듀테크'),(40,'교육'),(41,'온라인학습'),
(42,'사회혁신'),(43,'임팩트'),(44,'공익'),
(45,'클라우드'),(46,'DevOps'),(47,'쿠버네티스'),(48,'MSA');

INSERT INTO hackathon_tags (hackathon_id, tag_id) VALUES
(11,35),(11,36),(11,37),(11,38),(11,20),
(12,39),(12,40),(12,41),(12,1),
(13,42),(13,43),(13,44),(13,8),
(14,45),(14,46),(14,47),(14,48);

INSERT INTO milestones (hackathon_id, title, description, date) VALUES
(11,'참가 접수 시작',NULL,'2026-02-20 00:00:00'),
(11,'참가 접수 마감',NULL,'2026-03-26 23:59:59'),
(11,'해커톤 시작','스마트 컨트랙트 코드 공개','2026-03-31 09:00:00'),
(11,'중간 점검','팀별 진행 상황 발표','2026-04-07 14:00:00'),
(11,'제출 마감',NULL,'2026-04-14 15:00:00'),
(11,'시상식',NULL,'2026-04-14 18:00:00'),
(12,'참가 접수 시작',NULL,'2026-02-25 00:00:00'),
(12,'참가 접수 마감',NULL,'2026-03-28 23:59:59'),
(12,'해커톤 시작','데이터셋 및 API 배포','2026-04-01 09:00:00'),
(12,'제출 마감',NULL,'2026-04-13 15:00:00'),
(12,'투표 종료 및 시상',NULL,'2026-04-13 18:00:00'),
(13,'참가 접수 시작',NULL,'2026-03-20 00:00:00'),
(13,'참가 접수 마감',NULL,'2026-04-20 23:59:59'),
(13,'해커톤 시작',NULL,'2026-04-25 09:00:00'),
(13,'최종 발표 및 시상',NULL,'2026-04-27 17:00:00'),
(14,'참가 접수 시작',NULL,'2026-03-25 00:00:00'),
(14,'참가 접수 마감',NULL,'2026-04-18 23:59:59'),
(14,'해커톤 시작',NULL,'2026-04-22 09:00:00'),
(14,'최종 발표 및 시상',NULL,'2026-04-24 17:00:00');

INSERT INTO prizes (hackathon_id, ranking, amount, description) VALUES
(11,1,10000000,'대상'),(11,2,5000000,'최우수상'),(11,3,2000000,'우수상'),
(12,1,7000000,'대상'),(12,2,3000000,'최우수상'),(12,3,1000000,'우수상'),
(13,1,15000000,'대상 - 사회적기업 인큐베이팅'),(13,2,7000000,'최우수상'),(13,3,3000000,'우수상'),
(14,1,12000000,'대상'),(14,2,6000000,'최우수상'),(14,3,2500000,'우수상');

INSERT INTO criteria (hackathon_id, name, description, max_score) VALUES
(11,'블록체인 기술 활용도','스마트 컨트랙트 및 웹3 기술 활용 수준',35),
(11,'서비스 완성도','dApp 구현 및 배포 완성도',30),
(11,'탈중앙화 철학','실질적인 탈중앙화 구현 여부',25),
(11,'발표력',NULL,10),
(13,'사회적 임팩트','해결하는 사회 문제의 심각성 및 임팩트 크기',40),
(13,'기술 완성도','서비스 구현 수준',30),
(13,'지속 가능성','사업 지속 가능성 및 확장 가능성',20),
(13,'발표력',NULL,10);

INSERT INTO hackathon_submission_rules (hackathon_id, artifact_type, required, label, description, sort_order) VALUES
(11,'url', 1,'GitHub 저장소','스마트 컨트랙트 및 프론트엔드 코드',1),
(11,'url', 1,'배포된 컨트랙트 주소','Sepolia 또는 Mumbai 테스트넷 배포 주소',2),
(11,'url', 0,'데모 영상','서비스 시연 영상 링크',3),
(11,'text',1,'프로젝트 설명','서비스 개요 및 블록체인 활용 방식 (500자 이내)',4),
(13,'url', 1,'GitHub 저장소','소스코드 저장소',1),
(13,'url', 0,'서비스 URL','배포된 서비스 URL',2),
(13,'text',1,'문제 정의','해결하려는 사회 문제 및 접근 방식 (500자 이내)',3),
(13,'url', 0,'데모 영상','서비스 시연 영상',4);

INSERT INTO hackathon_notices (hackathon_id, content) VALUES
(11,'Solidity, Rust(Anchor), Move 등 자유로운 스마트 컨트랙트 언어 사용 가능합니다.'),
(11,'테스트넷 배포가 필수입니다. 메인넷 배포는 선택 사항입니다.'),
(12,'현장 참여 필수입니다. 숙박 및 식사가 제공됩니다.'),
(12,'1인 참가 가능합니다.'),
(13,'사회적 가치를 중심으로 평가합니다. 기술적 완성도보다 임팩트를 우선시합니다.'),
(14,'AWS, GCP, Azure 크레딧이 팀당 제공됩니다.');

INSERT INTO hackathon_links (hackathon_id, link_type, label, url) VALUES
(11,'WEBSITE','공식 홈페이지','https://daker.com'),
(11,'DISCORD','Web3 Discord','https://discord.gg/daker-web3'),
(12,'WEBSITE','공식 홈페이지','https://daker.com'),
(13,'WEBSITE','공식 홈페이지','https://daker.com'),
(13,'NOTION','참가자 가이드','https://notion.so/social-impact-2026'),
(14,'WEBSITE','공식 홈페이지','https://daker.com'),
(14,'DISCORD','Cloud Native Discord','https://discord.gg/daker-cloud');

-- 심사위원 배정 (judge1: H11, H12, H13 / judge2: H11)
INSERT INTO hackathon_judges (hackathon_id, user_id, assigned_at) VALUES
(11,2,'2026-03-26 00:00:00'),(11,3,'2026-03-26 00:00:00'),
(12,2,'2026-03-28 00:00:00'),
(13,2,'2026-04-20 00:00:00');

-- ============================================================
-- TEAMS (H11-H14)
-- H11(CLOSED): team19(user1+user9), team20(user2+user7), team21(user3+user8)
-- H12(CLOSED): team22(user4+user6), team23(user5+user1), team24(user7+user2)
-- H13(OPEN):   team25(user8), team26(user9+user3)
-- H14(OPEN):   team27(user6), team28(user4+user5)
-- ============================================================
INSERT INTO teams (id, hackathon_id, owner_user_id, name, description, status, is_open, is_public,
    current_member_count, max_member_count, created_at, updated_at) VALUES
(19,11,4, 'ChainX',  'EVM 기반 탈중앙화 P2P 렌탈 마켓플레이스', 'CLOSED',0,1,2,4,'2026-02-25 10:00:00','2026-03-31 09:00:00'),
(20,11,5, 'BlockDev','NFT 기반 디지털 저작권 관리 플랫폼',        'CLOSED',0,1,2,4,'2026-02-26 11:00:00','2026-03-31 09:00:00'),
(21,11,6, 'NFTLab',  'DeFi 기반 소액 투자 DAO 플랫폼',           'CLOSED',0,1,2,4,'2026-02-27 13:00:00','2026-03-31 09:00:00'),
(22,12,7, 'LearnAI', 'AI 기반 개인 맞춤 학습 경로 추천 서비스',   'CLOSED',0,1,2,5,'2026-03-01 10:00:00','2026-04-01 09:00:00'),
(23,12,8, 'EduBot',  '챗봇 기반 실시간 과외 서비스',              'CLOSED',0,1,2,5,'2026-03-02 14:00:00','2026-04-01 09:00:00'),
(24,12,10,'SkillUp', '직장인 마이크로러닝 플랫폼',                'CLOSED',0,1,2,5,'2026-03-03 11:00:00','2026-04-01 09:00:00'),
(25,13,11,'GoodTech','장애인 이동 편의를 위한 실시간 경로 안내',  'OPEN',  1,1,1,4,'2026-03-25 10:00:00','2026-03-25 10:00:00'),
(26,13,12,'Impact+', '독거노인 고독사 예방 IoT 케어 서비스',      'OPEN',  1,1,2,4,'2026-03-26 11:00:00','2026-03-27 10:00:00'),
(27,14,9, 'CloudOps','멀티 클라우드 비용 최적화 자동화 툴',       'OPEN',  1,1,1,3,'2026-03-28 10:00:00','2026-03-28 10:00:00'),
(28,14,7, 'K8sTeam', '쿠버네티스 기반 자동 스케일링 SaaS 플랫폼', 'OPEN',  1,1,2,3,'2026-03-29 14:00:00','2026-03-30 09:00:00');

INSERT INTO team_positions (team_id, position_name, required_count) VALUES
(19,'블록체인',1),(19,'프론트엔드',1),
(20,'Solidity',1),(20,'백엔드',1),
(21,'스마트컨트랙트',1),(21,'풀스택',1),
(22,'AI/ML',1),(22,'백엔드',1),
(23,'백엔드',1),(23,'프론트엔드',1),
(24,'풀스택',1),(24,'UI/UX',1),
(25,'백엔드',1),(25,'AI/ML',1),
(26,'백엔드',1),(26,'IoT',1),
(27,'DevOps',1),(27,'백엔드',1),
(28,'쿠버네티스',1),(28,'백엔드',1);

INSERT INTO team_private_infos (team_id, contact_type, contact_value, internal_memo, edit_token, created_at, updated_at) VALUES
(19,'DISCORD','chainx-dev#1111','P2P 렌탈 dApp','tok_chain_019','2026-02-25 10:00:00','2026-02-25 10:00:00'),
(20,'SLACK','blockdev.slack.com','NFT 저작권 플랫폼','tok_block_020','2026-02-26 11:00:00','2026-02-26 11:00:00'),
(21,'KAKAO','nftlab-group','DeFi DAO 팀','tok_nft_021','2026-02-27 13:00:00','2026-02-27 13:00:00'),
(22,'DISCORD','learnai#2222','AI 학습 추천 팀','tok_learn_022','2026-03-01 10:00:00','2026-03-01 10:00:00'),
(23,'SLACK','edubot.slack.com','챗봇 과외 서비스','tok_edu_023','2026-03-02 14:00:00','2026-03-02 14:00:00'),
(24,'KAKAO','skillup-group','마이크로러닝 팀','tok_skill_024','2026-03-03 11:00:00','2026-03-03 11:00:00'),
(25,'DISCORD','goodtech#3333','장애인 이동 안내','tok_good_025','2026-03-25 10:00:00','2026-03-25 10:00:00'),
(26,'KAKAO','impact-plus-group','독거노인 케어 팀','tok_imp_026','2026-03-26 11:00:00','2026-03-26 11:00:00'),
(27,'DISCORD','cloudops#4444','멀티클라우드 자동화','tok_cloud_027','2026-03-28 10:00:00','2026-03-28 10:00:00'),
(28,'SLACK','k8steam.slack.com','쿠버네티스 SaaS','tok_k8s_028','2026-03-29 14:00:00','2026-03-29 14:00:00');

INSERT INTO team_members (team_id, user_id, role_type, position, joined_at) VALUES
-- H11
(19,4, 'OWNER','블록체인','2026-02-25 10:00:00'),(19,12,'MEMBER','프론트엔드','2026-02-26 09:00:00'),
(20,5, 'OWNER','Solidity','2026-02-26 11:00:00'),(20,10,'MEMBER','백엔드','2026-02-27 10:00:00'),
(21,6, 'OWNER','스마트컨트랙트','2026-02-27 13:00:00'),(21,11,'MEMBER','풀스택','2026-02-28 10:00:00'),
-- H12
(22,7, 'OWNER','AI/ML','2026-03-01 10:00:00'),(22,9, 'MEMBER','백엔드','2026-03-02 09:00:00'),
(23,8, 'OWNER','백엔드','2026-03-02 14:00:00'),(23,4, 'MEMBER','프론트엔드','2026-03-03 10:00:00'),
(24,10,'OWNER','풀스택','2026-03-03 11:00:00'),(24,5, 'MEMBER','UI/UX','2026-03-04 09:00:00'),
-- H13
(25,11,'OWNER','백엔드','2026-03-25 10:00:00'),
(26,12,'OWNER','백엔드','2026-03-26 11:00:00'),(26,6,'MEMBER','IoT','2026-03-27 10:00:00'),
-- H14
(27,9, 'OWNER','DevOps','2026-03-28 10:00:00'),
(28,7, 'OWNER','쿠버네티스','2026-03-29 14:00:00'),(28,8,'MEMBER','백엔드','2026-03-30 09:00:00');

INSERT INTO team_applications (team_id, user_id, message, position, status, processed_by_user_id, created_at, processed_at) VALUES
(19,12,'Web3 프론트엔드 개발 경험 있습니다.','프론트엔드','ACCEPTED',4,'2026-02-26 08:00:00','2026-02-26 09:00:00'),
(20,10,'Solidity 스마트 컨트랙트 개발 가능합니다.','백엔드','ACCEPTED',5,'2026-02-27 09:00:00','2026-02-27 10:00:00'),
(21,11,'DeFi 프로토콜 구현 경험 있습니다.','풀스택','ACCEPTED',6,'2026-02-28 09:00:00','2026-02-28 10:00:00'),
(22,9,'머신러닝 기반 추천 시스템 개발 가능합니다.','백엔드','ACCEPTED',7,'2026-03-02 08:00:00','2026-03-02 09:00:00'),
(23,4,'React 프론트엔드 개발 가능합니다.','프론트엔드','ACCEPTED',8,'2026-03-03 09:00:00','2026-03-03 10:00:00'),
(24,5,'Next.js UI/UX 개발 경험 있습니다.','UI/UX','ACCEPTED',10,'2026-03-04 08:00:00','2026-03-04 09:00:00'),
(26,6,'라즈베리파이 IoT 개발 경험 있습니다.','IoT','ACCEPTED',12,'2026-03-27 09:00:00','2026-03-27 10:00:00'),
(28,8,'Spring Boot + Kubernetes 운영 경험 있습니다.','백엔드','ACCEPTED',7,'2026-03-30 08:00:00','2026-03-30 09:00:00');

INSERT INTO hackathon_registrations (hackathon_id, team_id, registered_at) VALUES
(11,19,'2026-02-25 10:00:00'),(11,20,'2026-02-26 11:00:00'),(11,21,'2026-02-27 13:00:00'),
(12,22,'2026-03-01 10:00:00'),(12,23,'2026-03-02 14:00:00'),(12,24,'2026-03-03 11:00:00'),
(13,25,'2026-03-25 10:00:00'),(13,26,'2026-03-26 11:00:00'),
(14,27,'2026-03-28 10:00:00'),(14,28,'2026-03-29 14:00:00');

-- 진행중 해커톤 제출물 (일부만 제출)
INSERT INTO submissions (id, hackathon_id, team_id, submitter_user_id, status, revision_no, is_latest, submitted_at, created_at, updated_at) VALUES
(19,11,19,4,'SUBMITTED',1,1,'2026-04-03 11:00:00','2026-04-03 11:00:00','2026-04-03 11:00:00'),
(20,11,20,5,'SUBMITTED',1,1,'2026-04-04 09:00:00','2026-04-04 09:00:00','2026-04-04 09:00:00'),
(21,12,22,7,'SUBMITTED',1,1,'2026-04-03 14:00:00','2026-04-03 14:00:00','2026-04-03 14:00:00'),
(22,12,23,8,'SUBMITTED',1,1,'2026-04-04 10:00:00','2026-04-04 10:00:00','2026-04-04 10:00:00');

INSERT INTO submission_items (submission_id, rule_id, value_text, value_url, file_name, original_file_name, file_extension, file_size, is_final) VALUES
-- Submission 19 (H11, ChainX)
(19,NULL,NULL,'https://github.com/chainx-team/p2p-rental',NULL,NULL,NULL,NULL,1),
(19,NULL,NULL,'https://sepolia.etherscan.io/address/0xChainX',NULL,NULL,NULL,NULL,1),
(19,NULL,NULL,'https://youtu.be/chainx-demo',NULL,NULL,NULL,NULL,1),
(19,NULL,'ERC-721 기반 물품 등록, 스마트 컨트랙트 자동 정산, 보증금 에스크로 구현. Hardhat + ethers.js 사용.',NULL,NULL,NULL,NULL,NULL,1),
-- Submission 20 (H11, BlockDev)
(20,NULL,NULL,'https://github.com/blockdev/nft-copyright',NULL,NULL,NULL,NULL,1),
(20,NULL,NULL,'https://mumbai.polygonscan.com/address/0xBlockDev',NULL,NULL,NULL,NULL,1),
(20,NULL,'EIP-2981 로열티 표준 구현. 창작물 최초 등록부터 2차 판매 수익 자동 분배까지 온체인 처리.',NULL,NULL,NULL,NULL,NULL,1),
-- Submission 21 (H12, LearnAI)
(21,NULL,NULL,'https://github.com/learnai/adaptive-path',NULL,NULL,NULL,NULL,1),
(21,NULL,NULL,'https://learnai-demo.vercel.app',NULL,NULL,NULL,NULL,1),
(21,NULL,'학습자 이력 데이터 기반 GPT-4o 개인 맞춤 커리큘럼 생성. 학습 완료율 42% 향상 실험 결과.',NULL,NULL,NULL,NULL,NULL,1),
-- Submission 22 (H12, EduBot)
(22,NULL,NULL,'https://github.com/edubot-team/realtime-tutor',NULL,NULL,NULL,NULL,1),
(22,NULL,NULL,'https://edubot.vercel.app',NULL,NULL,NULL,NULL,1),
(22,NULL,'Claude API 기반 수학/과학 실시간 문제 풀이 챗봇. 오답 패턴 분석으로 약점 집중 학습 유도.',NULL,NULL,NULL,NULL,NULL,1);

-- 진행중 심사 (H11 SCORE, 일부만 완료)
-- H11 기준: [블록체인기술활용도(35), 서비스완성도(30), 탈중앙화철학(25), 발표력(10)]
INSERT INTO judge_evaluations (hackathon_id, team_id, judge_user_id, total_score, scores_json, created_at, updated_at) VALUES
(11,19,2,88.0,'[32.0,27.0,22.0,7.0]','2026-04-04 15:00:00','2026-04-04 15:00:00'),
(11,19,3,86.0,'[30.0,28.0,21.0,7.0]','2026-04-04 16:00:00','2026-04-04 16:00:00');

-- ============================================================
-- AUTO_INCREMENT 재설정
-- ============================================================
ALTER TABLE users                    AUTO_INCREMENT = 13;
ALTER TABLE hackathons               AUTO_INCREMENT = 15;
ALTER TABLE tags                     AUTO_INCREMENT = 49;
ALTER TABLE teams                    AUTO_INCREMENT = 29;
ALTER TABLE submissions              AUTO_INCREMENT = 23;
