-- ============================================================
-- DAKER 전체 더미데이터 스크립트
-- 오늘 기준일: 2026-04-01
-- 비밀번호: password (BCrypt)
-- ============================================================
SET NAMES utf8mb4;
SET character_set_client = utf8mb4;
SET character_set_connection = utf8mb4;
SET character_set_results = utf8mb4;

SET FOREIGN_KEY_CHECKS = 0;

-- 스키마 마이그레이션 (실행 전 수동으로 추가된 컬럼 가정)
CREATE TABLE IF NOT EXISTS user_tags (
    id BIGINT NOT NULL AUTO_INCREMENT,
    user_id BIGINT NOT NULL,
    tag_id BIGINT NOT NULL,
    PRIMARY KEY (id),
    UNIQUE KEY uk_user_tag (user_id, tag_id),
    CONSTRAINT fk_utag_user FOREIGN KEY (user_id) REFERENCES users(id),
    CONSTRAINT fk_utag_tag FOREIGN KEY (tag_id) REFERENCES tags(id)
);

TRUNCATE TABLE user_xp_history;
TRUNCATE TABLE user_tags;
TRUNCATE TABLE votes;
TRUNCATE TABLE judge_evaluations;
TRUNCATE TABLE submission_items;
TRUNCATE TABLE submissions;
TRUNCATE TABLE hackathon_registrations;
TRUNCATE TABLE team_applications;
TRUNCATE TABLE team_members;
TRUNCATE TABLE team_private_infos;
TRUNCATE TABLE team_positions;
TRUNCATE TABLE teams;
TRUNCATE TABLE hackathon_judges;
TRUNCATE TABLE hackathon_links;
TRUNCATE TABLE hackathon_notices;
TRUNCATE TABLE criteria;
TRUNCATE TABLE prizes;
TRUNCATE TABLE milestones;
TRUNCATE TABLE hackathon_submission_rules;
TRUNCATE TABLE hackathon_tags;
TRUNCATE TABLE tags;
TRUNCATE TABLE hackathons;
TRUNCATE TABLE users;

SET FOREIGN_KEY_CHECKS = 1;

-- ============================================================
-- 1. USERS
-- ============================================================
INSERT INTO users (id, email, nickname, password, role, account_status, created_at, updated_at) VALUES
(1, 'admin@daker.com',  'admin',  '$2b$10$jzMveWcSErfoFJvdKEQWQuIljP0Aauj/6HHh7YmR3lp10Bk0lMloy', 'ADMIN', 'ACTIVE', '2026-01-01 00:00:00', '2026-01-01 00:00:00'),
(2, 'judge@daker.com',  'judge',  '$2b$10$jzMveWcSErfoFJvdKEQWQuIljP0Aauj/6HHh7YmR3lp10Bk0lMloy', 'JUDGE', 'ACTIVE', '2026-01-01 00:00:00', '2026-01-01 00:00:00'),
(3, 'user1@daker.com',  'user1',  '$2b$10$jzMveWcSErfoFJvdKEQWQuIljP0Aauj/6HHh7YmR3lp10Bk0lMloy', 'USER',  'ACTIVE', '2026-01-01 00:00:00', '2026-01-01 00:00:00'),
(4, 'user2@daker.com',  'user2',  '$2b$10$jzMveWcSErfoFJvdKEQWQuIljP0Aauj/6HHh7YmR3lp10Bk0lMloy', 'USER',  'ACTIVE', '2026-01-01 00:00:00', '2026-01-01 00:00:00'),
(5, 'user3@daker.com',  'user3',  '$2b$10$jzMveWcSErfoFJvdKEQWQuIljP0Aauj/6HHh7YmR3lp10Bk0lMloy', 'USER',  'ACTIVE', '2026-01-01 00:00:00', '2026-01-01 00:00:00'),
(6, 'user4@daker.com',  'user4',  '$2b$10$jzMveWcSErfoFJvdKEQWQuIljP0Aauj/6HHh7YmR3lp10Bk0lMloy', 'USER',  'ACTIVE', '2026-01-01 00:00:00', '2026-01-01 00:00:00');

-- ============================================================
-- 2. HACKATHONS (10개)
-- ============================================================
INSERT INTO hackathons (id, title, summary, description, thumbnail_url, organizer, status, score_type,
    start_date, end_date, registration_start_date, registration_end_date, submission_deadline_at,
    closed_at, max_team_size, max_participants, camp_enabled, allow_solo, deleted, created_at, updated_at) VALUES

-- H1: ENDED / SCORE
(1, 'AI 스타트업 해커톤 2025',
 'AI 기술로 스타트업 아이디어를 실현하는 72시간 해커톤',
 '인공지능 기술을 활용한 혁신적인 스타트업 아이디어를 개발하세요. 멘토링과 투자자 피칭 기회가 제공됩니다.',
 'https://picsum.photos/seed/hack1/800/400', 'Daker', 'ENDED', 'SCORE',
 '2026-01-10 09:00:00', '2026-01-12 18:00:00',
 '2025-12-01 00:00:00', '2026-01-05 23:59:59', '2026-01-12 15:00:00',
 NULL, 4, 120, 0, 0, 0, '2025-11-15 00:00:00', '2026-01-13 00:00:00'),

-- H2: ENDED / VOTE
(2, 'XR 메타버스 챌린지',
 'AR/VR 기술로 현실과 가상의 경계를 허무는 48시간 해커톤',
 'Meta Quest, HoloLens 등 XR 기기를 활용하여 교육, 엔터테인먼트, 비즈니스 분야의 메타버스 서비스를 개발하세요.',
 'https://picsum.photos/seed/hack2/800/400', 'Daker', 'ENDED', 'VOTE',
 '2026-02-14 09:00:00', '2026-02-16 18:00:00',
 '2026-01-10 00:00:00', '2026-02-10 23:59:59', '2026-02-16 15:00:00',
 NULL, 5, 80, 1, 0, 0, '2026-01-05 00:00:00', '2026-02-17 00:00:00'),

-- H3: CLOSED / SCORE
(3, '데이터 사이언스 경진대회',
 '공공 빅데이터로 사회 문제를 해결하는 데이터 분석 경진대회',
 '공공데이터 포털의 다양한 데이터셋을 분석하여 사회 문제를 해결하는 모델을 개발합니다. 시각화와 인사이트 도출 능력을 평가합니다.',
 'https://picsum.photos/seed/hack3/800/400', 'Daker', 'CLOSED', 'SCORE',
 '2026-03-07 09:00:00', '2026-03-09 18:00:00',
 '2026-02-01 00:00:00', '2026-03-03 23:59:59', '2026-03-09 15:00:00',
 '2026-03-10 09:00:00', 3, 200, 0, 1, 0, '2026-01-25 00:00:00', '2026-03-10 09:00:00'),

-- H4: CLOSED / VOTE
(4, '모바일 앱 해커톤 Spring 2026',
 'iOS/Android 크로스플랫폼 모바일 앱을 48시간 안에 완성하세요',
 'Flutter, React Native, Swift, Kotlin 등 자유로운 기술 스택으로 일상의 불편함을 해소하는 모바일 앱을 개발합니다.',
 'https://picsum.photos/seed/hack4/800/400', 'Daker', 'CLOSED', 'VOTE',
 '2026-03-21 09:00:00', '2026-03-23 18:00:00',
 '2026-02-15 00:00:00', '2026-03-17 23:59:59', '2026-03-23 15:00:00',
 '2026-03-24 09:00:00', 4, 150, 0, 0, 0, '2026-02-10 00:00:00', '2026-03-24 09:00:00'),

-- H5: OPEN / SCORE (현재 진행중)
(5, 'AI 혁신 해커톤 2026',
 'GPT, Claude 등 최신 LLM을 활용한 혁신 서비스를 개발하세요',
 '대형 언어 모델(LLM)을 활용하여 기업과 개인의 생산성을 혁신하는 AI 서비스를 개발합니다. OpenAI, Anthropic API 크레딧이 지원됩니다.',
 'https://picsum.photos/seed/hack5/800/400', 'Daker', 'OPEN', 'SCORE',
 '2026-03-30 09:00:00', '2026-04-05 18:00:00',
 '2026-03-01 00:00:00', '2026-03-25 23:59:59', '2026-04-05 15:00:00',
 NULL, 4, 150, 0, 1, 0, '2026-02-20 00:00:00', '2026-03-30 09:00:00'),

-- H6: OPEN / SCORE (현재 진행중)
(6, '핀테크 챌린지 2026',
 '금융과 기술의 융합으로 혁신적인 핀테크 서비스를 만들어보세요',
 '블록체인, 오픈뱅킹 API를 활용하여 금융 서비스의 미래를 만들어보세요. 금융 보안 및 규정 준수 솔루션에 추가 가점이 있습니다.',
 'https://picsum.photos/seed/hack6/800/400', 'Daker', 'OPEN', 'SCORE',
 '2026-03-28 09:00:00', '2026-04-03 18:00:00',
 '2026-03-01 00:00:00', '2026-03-23 23:59:59', '2026-04-03 15:00:00',
 NULL, 5, 100, 0, 0, 0, '2026-02-20 00:00:00', '2026-03-28 09:00:00'),

-- H7: UPCOMING
(7, '그린테크 해커톤',
 '기후 변화 대응을 위한 친환경 기술 솔루션을 개발하세요',
 '탄소 감축, 신재생 에너지, 스마트 그리드 등 환경 문제를 기술로 해결하세요. 유엔 SDGs와 연계된 아이디어를 권장합니다.',
 'https://picsum.photos/seed/hack7/800/400', 'Daker', 'UPCOMING', 'VOTE',
 '2026-04-20 09:00:00', '2026-04-22 18:00:00',
 '2026-04-01 00:00:00', '2026-04-15 23:59:59', '2026-04-22 15:00:00',
 NULL, 4, 80, 1, 0, 0, '2026-03-15 00:00:00', '2026-03-15 00:00:00'),

-- H8: UPCOMING
(8, '헬스케어 이노베이션 해커톤',
 '디지털 헬스케어 기술로 의료 접근성을 높이는 혁신 서비스를 개발하세요',
 '원격 진료, 웨어러블 데이터 분석, AI 진단 보조 등 헬스케어 분야의 미래를 만드세요. 의료 전문가와 함께하는 멘토링이 제공됩니다.',
 'https://picsum.photos/seed/hack8/800/400', 'Daker', 'UPCOMING', 'SCORE',
 '2026-05-10 09:00:00', '2026-05-12 18:00:00',
 '2026-04-15 00:00:00', '2026-05-05 23:59:59', '2026-05-12 15:00:00',
 NULL, 5, 100, 0, 1, 0, '2026-03-20 00:00:00', '2026-03-20 00:00:00'),

-- H9: UPCOMING
(9, '스마트시티 해커톤',
 'IoT와 빅데이터로 더 스마트한 도시 인프라를 구축하는 대회',
 '교통, 에너지, 안전, 환경 등 도시 문제를 IoT 센서와 데이터 분석으로 해결하세요. 서울시, 부산시 공공 API가 제공됩니다.',
 'https://picsum.photos/seed/hack9/800/400', 'Daker', 'UPCOMING', 'SCORE',
 '2026-06-01 09:00:00', '2026-06-03 18:00:00',
 '2026-05-01 00:00:00', '2026-05-25 23:59:59', '2026-06-03 15:00:00',
 NULL, 5, 120, 1, 0, 0, '2026-04-01 00:00:00', '2026-04-01 00:00:00'),

-- H10: UPCOMING
(10, '사이버보안 챌린지',
 'CTF 형식 취약점 분석과 보안 솔루션 개발을 병행하는 해커톤',
 '취약점 분석, 암호화, 네트워크 보안 등 사이버보안 전 분야를 아우르는 종합 보안 챌린지. 모든 분석은 지정된 샌드박스 환경에서 수행합니다.',
 'https://picsum.photos/seed/hack10/800/400', 'Daker', 'UPCOMING', 'SCORE',
 '2026-07-01 09:00:00', '2026-07-03 18:00:00',
 '2026-06-01 00:00:00', '2026-06-25 23:59:59', '2026-07-03 15:00:00',
 NULL, 3, 60, 0, 1, 0, '2026-04-01 00:00:00', '2026-04-01 00:00:00');

-- ============================================================
-- 3. TAGS
-- ============================================================
INSERT INTO tags (id, name) VALUES
(1, 'AI'), (2, '스타트업'), (3, '머신러닝'), (4, 'XR'), (5, '메타버스'),
(6, 'VR'), (7, 'AR'), (8, '데이터분석'), (9, '빅데이터'), (10, 'Python'),
(11, 'ML'), (12, '모바일'), (13, 'iOS'), (14, 'Android'), (15, 'Flutter'),
(16, 'LLM'), (17, 'GPT'), (18, '생성형AI'), (19, '핀테크'), (20, '블록체인'),
(21, '금융'), (22, '오픈뱅킹'), (23, '그린테크'), (24, '환경'), (25, '탄소중립'),
(26, '신재생에너지'), (27, '헬스케어'), (28, 'AI진단'), (29, '원격의료'),
(30, '스마트시티'), (31, 'IoT'), (32, '보안'), (33, 'CTF'), (34, '취약점분석');

-- ============================================================
-- 4. HACKATHON_TAGS
-- ============================================================
INSERT INTO hackathon_tags (hackathon_id, tag_id) VALUES
-- H1: AI, 스타트업, 머신러닝
(1,1),(1,2),(1,3),
-- H2: XR, 메타버스, VR, AR
(2,4),(2,5),(2,6),(2,7),
-- H3: 데이터분석, 빅데이터, Python, ML
(3,8),(3,9),(3,10),(3,11),
-- H4: 모바일, iOS, Android, Flutter
(4,12),(4,13),(4,14),(4,15),
-- H5: AI, LLM, GPT, 생성형AI
(5,1),(5,16),(5,17),(5,18),
-- H6: 핀테크, 블록체인, 금융, 오픈뱅킹
(6,19),(6,20),(6,21),(6,22),
-- H7: 그린테크, 환경, 탄소중립, 신재생에너지
(7,23),(7,24),(7,25),(7,26),
-- H8: 헬스케어, AI진단, 원격의료
(8,27),(8,28),(8,29),
-- H9: 스마트시티, IoT, 빅데이터
(9,30),(9,31),(9,9),
-- H10: 보안, CTF, 취약점분석
(10,32),(10,33),(10,34);

-- ============================================================
-- 5. MILESTONES
-- ============================================================
INSERT INTO milestones (hackathon_id, title, description, date) VALUES
-- H1
(1, '참가 접수 시작', NULL, '2025-12-01 00:00:00'),
(1, '참가 접수 마감', NULL, '2026-01-05 23:59:59'),
(1, '해커톤 시작', '팀 구성 및 아이디어 발표', '2026-01-10 09:00:00'),
(1, '중간 발표', '진행 상황 점검 및 멘토링', '2026-01-11 14:00:00'),
(1, '최종 발표', '팀별 10분 발표 + 5분 Q&A', '2026-01-12 14:00:00'),
(1, '시상식', NULL, '2026-01-12 17:00:00'),
-- H2
(2, '참가 접수 시작', NULL, '2026-01-10 00:00:00'),
(2, '참가 접수 마감', NULL, '2026-02-10 23:59:59'),
(2, '기기 대여 및 세팅', 'Meta Quest 3, HoloLens 2 무료 대여', '2026-02-14 09:00:00'),
(2, '투표 시작', '제출 마감 후 48시간 투표', '2026-02-16 15:00:00'),
(2, '투표 종료 및 시상', NULL, '2026-02-16 18:00:00'),
-- H3
(3, '참가 접수 시작', NULL, '2026-02-01 00:00:00'),
(3, '참가 접수 마감', NULL, '2026-03-03 23:59:59'),
(3, '데이터셋 공개', '공공데이터 API 키 배포', '2026-03-07 09:00:00'),
(3, '분석 결과 제출 마감', NULL, '2026-03-09 15:00:00'),
(3, '시상식', NULL, '2026-03-09 18:00:00'),
-- H4
(4, '참가 접수 시작', NULL, '2026-02-15 00:00:00'),
(4, '참가 접수 마감', NULL, '2026-03-17 23:59:59'),
(4, '해커톤 시작 및 킥오프', NULL, '2026-03-21 09:00:00'),
(4, '앱 스토어 심사 제출 마감', NULL, '2026-03-23 12:00:00'),
(4, '제출 마감', NULL, '2026-03-23 15:00:00'),
(4, '투표 종료 및 시상', NULL, '2026-03-23 18:00:00'),
-- H5
(5, '참가 접수 시작', NULL, '2026-03-01 00:00:00'),
(5, '참가 접수 마감', NULL, '2026-03-25 23:59:59'),
(5, '해커톤 시작', 'API 크레딧 배포', '2026-03-30 09:00:00'),
(5, '중간 멘토링', NULL, '2026-04-02 14:00:00'),
(5, '제출 마감', NULL, '2026-04-05 15:00:00'),
(5, '데모데이 및 시상', NULL, '2026-04-05 17:00:00'),
-- H6
(6, '참가 접수 시작', NULL, '2026-03-01 00:00:00'),
(6, '참가 접수 마감', NULL, '2026-03-23 23:59:59'),
(6, '해커톤 시작', NULL, '2026-03-28 09:00:00'),
(6, '제출 마감', NULL, '2026-04-03 15:00:00'),
(6, '최종 발표 및 시상', NULL, '2026-04-03 18:00:00'),
-- H7
(7, '참가 접수 시작', NULL, '2026-04-01 00:00:00'),
(7, '참가 접수 마감', NULL, '2026-04-15 23:59:59'),
(7, '해커톤 시작', NULL, '2026-04-20 09:00:00'),
(7, '현장 멘토링', NULL, '2026-04-21 14:00:00'),
(7, '최종 발표', NULL, '2026-04-22 14:00:00'),
-- H8
(8, '참가 접수 시작', NULL, '2026-04-15 00:00:00'),
(8, '참가 접수 마감', NULL, '2026-05-05 23:59:59'),
(8, '해커톤 시작', NULL, '2026-05-10 09:00:00'),
(8, '의료 전문가 멘토링', NULL, '2026-05-11 10:00:00'),
(8, '최종 발표', NULL, '2026-05-12 14:00:00'),
-- H9
(9, '참가 접수 시작', NULL, '2026-05-01 00:00:00'),
(9, '참가 접수 마감', NULL, '2026-05-25 23:59:59'),
(9, '해커톤 개막식', NULL, '2026-06-01 09:00:00'),
(9, '중간 점검', NULL, '2026-06-02 18:00:00'),
(9, '최종 발표 및 시상', NULL, '2026-06-03 15:00:00'),
-- H10
(10, '참가 접수 시작', NULL, '2026-06-01 00:00:00'),
(10, '참가 확정 발표', NULL, '2026-06-26 00:00:00'),
(10, '사전 워밍업 CTF', NULL, '2026-06-30 18:00:00'),
(10, '본선 시작', NULL, '2026-07-01 09:00:00'),
(10, '시상식', NULL, '2026-07-03 18:00:00');

-- ============================================================
-- 6. PRIZES
-- ============================================================
INSERT INTO prizes (hackathon_id, ranking, amount, description) VALUES
-- H1
(1, 1, 5000000,  '대상 - 투자 연계 기회 제공'),
(1, 2, 3000000,  '최우수상'),
(1, 3, 1000000,  '우수상'),
-- H2
(2, 1, 10000000, '대상'),
(2, 2, 5000000,  '최우수상'),
(2, 3, 2000000,  '우수상'),
-- H3
(3, 1, 3000000,  '대상'),
(3, 2, 1500000,  '최우수상'),
(3, 3, 500000,   '우수상'),
-- H4
(4, 1, 8000000,  '최우수상 - 앱스토어 출시 지원'),
(4, 2, 4000000,  '우수상'),
(4, 3, 1500000,  '장려상'),
-- H5
(5, 1, 20000000, '대상 - 파트너십 기회 제공'),
(5, 2, 10000000, '최우수상'),
(5, 3, 5000000,  '우수상'),
-- H6
(6, 1, 15000000, '대상'),
(6, 2, 7000000,  '최우수상'),
(6, 3, 3000000,  '우수상'),
-- H7
(7, 1, 8000000,  '대상 - 파일럿 프로젝트 기회'),
(7, 2, 4000000,  '최우수상'),
(7, 3, 2000000,  '우수상'),
-- H8
(8, 1, 12000000, '대상'),
(8, 2, 6000000,  '최우수상'),
(8, 3, 2500000,  '우수상'),
-- H9
(9, 1, 25000000, '대상 - 시범 도시 적용 기회'),
(9, 2, 10000000, '최우수상'),
(9, 3, 5000000,  '우수상'),
-- H10
(10, 1, 10000000, '대상'),
(10, 2, 5000000,  '최우수상'),
(10, 3, 2000000,  '우수상');

-- ============================================================
-- 7. CRITERIA (심사 기준)
-- ============================================================
INSERT INTO criteria (hackathon_id, name, description, max_score) VALUES
-- H1 (SCORE)
(1, '아이디어 혁신성', 'AI 기술을 활용한 창의적 문제 해결', 30),
(1, '기술 완성도', '코드 품질 및 구현 수준', 30),
(1, '비즈니스 가능성', '시장성 및 수익 모델', 30),
(1, '발표력', '명확한 발표 및 Q&A 대응', 10),
-- H3 (SCORE)
(3, '데이터 활용도', '공공 데이터 다양하고 적절히 활용', 30),
(3, '분석 정확도', '모델 성능 및 통계적 유의성', 40),
(3, '시각화 품질', '인사이트를 명확히 전달하는 시각화', 20),
(3, '발표력', '데이터 기반 스토리텔링', 10),
-- H5 (SCORE, OPEN)
(5, 'AI 활용도', 'LLM의 창의적이고 효과적인 활용', 30),
(5, '기술 완성도', '서비스 구현 및 안정성', 30),
(5, '비즈니스 임팩트', '실제 문제 해결 가능성 및 시장성', 30),
(5, '발표력', '데모 시연 및 Q&A', 10),
-- H6 (SCORE, OPEN)
(6, '금융 혁신성', '기존 금융 서비스 개선 정도', 35),
(6, '보안 안전성', '금융 보안 규정 준수', 35),
(6, '사용자 편의성', 'UX 및 접근성', 20),
(6, '발표력', NULL, 10),
-- H8 (SCORE, UPCOMING)
(8, '임상적 유용성', '의료 현장 적용 가능성', 35),
(8, '기술 완성도', 'AI/디지털 기술 활용', 30),
(8, '사용자 경험', '환자 및 의료진 UX', 25),
(8, '발표력', NULL, 10),
-- H9 (SCORE, UPCOMING)
(9, '도시 문제 해결력', '실제 도시 문제 해결 효과', 35),
(9, '공공데이터 활용도', '공공 API 활용 적절성', 25),
(9, '기술 완성도', 'IoT/빅데이터 기술 구현', 30),
(9, '발표력', NULL, 10),
-- H10 (SCORE, UPCOMING)
(10, '취약점 발견 수', '유효한 보안 취약점 식별', 40),
(10, '보고서 품질', '취약점 분석 보고서 완성도', 30),
(10, '방어 솔루션', '보안 패치 및 방어 코드 완성도', 20),
(10, '발표력', NULL, 10);

-- ============================================================
-- 8. HACKATHON_NOTICES
-- ============================================================
INSERT INTO hackathon_notices (hackathon_id, content) VALUES
(1, '팀당 최대 4명까지 참여 가능합니다. 1인 참가는 허용되지 않습니다.'),
(1, '사전에 개발된 코드 사용은 불가합니다. 해커톤 기간 중 새로 개발해야 합니다.'),
(1, '최종 발표는 5분 이내 데모 시연을 포함해야 합니다.'),
(2, '현장 참여 필수입니다. XR 기기(Meta Quest 3, HoloLens 2)는 무료 대여됩니다.'),
(2, 'Unity 또는 Unreal Engine 사용을 권장합니다.'),
(3, '공공데이터 포털(data.go.kr) 데이터를 반드시 활용해야 합니다.'),
(3, '1인 참가 가능합니다. Python, R, Jupyter Notebook 환경이 제공됩니다.'),
(4, '실제 기기(iOS 또는 Android)에서 동작하는 앱을 제출해야 합니다.'),
(4, '앱 스토어 배포까지 완료한 팀에게 추가 가점이 주어집니다.'),
(5, 'OpenAI API, Anthropic Claude API 크레딧이 지원됩니다.'),
(5, '사전 개발 코드 사용 불가. 해커톤 기간 내 순수 개발 분만 인정됩니다.'),
(6, '금융위원회 규정을 준수하는 솔루션에 추가 가점이 있습니다.'),
(7, '현장 참여 필수 (숙박 제공). 유엔 SDGs 17개 목표 중 하나 이상과 연계된 아이디어를 권장합니다.'),
(8, '의료법 관련 규정을 반드시 준수해야 합니다. 의료 전문가 멘토링이 제공됩니다.'),
(9, '서울시 열린데이터광장 및 부산 빅데이터 플랫폼 API가 제공됩니다.'),
(10, '모든 취약점 분석은 지정된 샌드박스 환경에서만 수행해야 합니다.'),
(10, '1인 참가 가능합니다.');

-- ============================================================
-- 9. HACKATHON_LINKS
-- ============================================================
INSERT INTO hackathon_links (hackathon_id, link_type, label, url) VALUES
(1, 'WEBSITE', '공식 홈페이지', 'https://daker.com'),
(1, 'DISCORD', 'Discord 채널', 'https://discord.gg/daker'),
(2, 'WEBSITE', '공식 홈페이지', 'https://daker.com'),
(2, 'NOTION', '참가자 가이드', 'https://notion.so/xr-guide'),
(3, 'WEBSITE', '공공데이터 포털', 'https://data.go.kr'),
(3, 'GITHUB', '데이터셋 저장소', 'https://github.com/daker/datascience-2026'),
(4, 'WEBSITE', '공식 홈페이지', 'https://daker.com'),
(4, 'DISCORD', 'Discord 채널', 'https://discord.gg/daker-mobile'),
(5, 'WEBSITE', '공식 홈페이지', 'https://daker.com'),
(5, 'DISCORD', 'Discord 채널', 'https://discord.gg/daker-ai'),
(5, 'NOTION', '참가자 핸드북', 'https://notion.so/ai-hackathon-2026'),
(6, 'WEBSITE', '공식 홈페이지', 'https://daker.com'),
(7, 'WEBSITE', '공식 홈페이지', 'https://daker.com'),
(8, 'WEBSITE', '공식 홈페이지', 'https://daker.com'),
(9, 'WEBSITE', '서울 열린데이터광장', 'https://data.seoul.go.kr'),
(10, 'WEBSITE', '공식 홈페이지', 'https://daker.com');

-- ============================================================
-- 10. HACKATHON_SUBMISSION_RULES (SCORE 타입 해커톤)
-- ============================================================
INSERT INTO hackathon_submission_rules (hackathon_id, artifact_type, required, label, description, sort_order) VALUES
-- H1
(1, 'url',  1, 'GitHub 저장소', '소스코드가 포함된 GitHub 저장소 URL', 1),
(1, 'url',  1, '발표 자료',     'Google Slides 또는 PDF 링크', 2),
(1, 'url',  0, '데모 영상',     'YouTube 또는 Vimeo 데모 영상 링크', 3),
(1, 'text', 1, '프로젝트 설명', '프로젝트 개요 및 주요 기능 설명 (500자 이내)', 4),
-- H3
(3, 'url',  1, 'GitHub 저장소', '분석 코드 및 Notebook이 포함된 저장소', 1),
(3, 'url',  1, '발표 자료',     '분석 결과 발표 자료 링크', 2),
(3, 'text', 1, '분석 요약',     '핵심 인사이트 및 결론 요약 (300자 이내)', 3),
-- H5
(5, 'url',  1, 'GitHub 저장소', '소스코드 저장소', 1),
(5, 'url',  1, '서비스 URL',    '배포된 서비스 또는 데모 URL', 2),
(5, 'url',  0, '데모 영상',     '3분 이내 데모 영상', 3),
(5, 'text', 1, '프로젝트 설명', '서비스 개요, 사용 LLM, 주요 기능 (500자 이내)', 4),
-- H6
(6, 'url',  1, 'GitHub 저장소', '소스코드 저장소', 1),
(6, 'url',  1, '서비스 데모',   '서비스 시연 영상 또는 라이브 URL', 2),
(6, 'text', 1, '프로젝트 설명', '서비스 개요 및 금융 규정 준수 방식 (500자 이내)', 3);

-- ============================================================
-- 11. HACKATHON_JUDGES
-- ============================================================
INSERT INTO hackathon_judges (hackathon_id, user_id, assigned_at) VALUES
(1, 2, '2026-01-05 00:00:00'),
(2, 2, '2026-02-08 00:00:00'),
(3, 2, '2026-03-01 00:00:00'),
(4, 2, '2026-03-15 00:00:00'),
(5, 2, '2026-03-25 00:00:00'),
(6, 2, '2026-03-23 00:00:00');

-- ============================================================
-- 12. TEAMS (11개)
--   H1: team 1,2 | H2: team 3,4 | H3: team 5,6
--   H4: team 7,8 | H5: team 9,10 | H6: team 11
-- ============================================================
INSERT INTO teams (id, hackathon_id, owner_user_id, name, description, status, is_open, is_public,
    current_member_count, max_member_count, created_at, updated_at) VALUES
-- H1 팀
(1, 1, 3, 'Alpha Team',  'AI로 부동산 매물 허위 정보를 탐지하는 서비스', 'CLOSED', 0, 1, 2, 4, '2025-12-15 10:00:00', '2026-01-10 09:00:00'),
(2, 1, 5, 'Beta Team',   'AI 기반 중소기업 맞춤 채용 매칭 플랫폼',       'CLOSED', 0, 1, 2, 4, '2025-12-20 14:00:00', '2026-01-10 09:00:00'),
-- H2 팀
(3, 2, 3, 'Nova',        'XR 기반 실시간 원격 교육 플랫폼',              'CLOSED', 0, 1, 2, 5, '2026-01-20 10:00:00', '2026-02-14 09:00:00'),
(4, 2, 4, 'Pixel',       'AR 쇼핑 경험 - 집에서 가구를 배치해보는 서비스', 'CLOSED', 0, 1, 1, 5, '2026-01-25 11:00:00', '2026-02-14 09:00:00'),
-- H3 팀
(5, 3, 5, 'Data+',       '서울시 미세먼지 데이터 기반 이동 경로 추천',    'CLOSED', 0, 1, 2, 3, '2026-02-10 09:00:00', '2026-03-07 09:00:00'),
(6, 3, 3, 'Insight',     '공공데이터로 분석한 지역별 1인 가구 복지 사각지대', 'CLOSED', 0, 1, 1, 3, '2026-02-12 11:00:00', '2026-03-07 09:00:00'),
-- H4 팀
(7, 4, 4, 'AppMakers',   '운동 루틴 공유 및 챌린지 앱',                  'CLOSED', 0, 1, 2, 4, '2026-02-20 10:00:00', '2026-03-21 09:00:00'),
(8, 4, 3, 'MobileX',     '지역 소상공인 연결 장터 앱',                    'CLOSED', 0, 1, 2, 4, '2026-02-22 14:00:00', '2026-03-21 09:00:00'),
-- H5 팀 (OPEN)
(9, 5, 3, 'Spark',       'LLM 기반 코드 리뷰 자동화 서비스',             'OPEN',   1, 1, 2, 4, '2026-03-05 10:00:00', '2026-03-30 09:00:00'),
(10, 5, 5, 'Deep',       'AI 논문 요약 및 트렌드 분석 서비스',            'OPEN',   1, 1, 1, 4, '2026-03-06 11:00:00', '2026-03-30 09:00:00'),
-- H6 팀 (OPEN)
(11, 6, 6, 'FinX',       '소액 투자 자동화 및 포트폴리오 관리 앱',        'OPEN',   1, 1, 2, 5, '2026-03-05 15:00:00', '2026-03-28 09:00:00');

-- ============================================================
-- 12-1. TEAM_POSITIONS (팀별 모집 포지션)
-- ============================================================
INSERT INTO team_positions (team_id, position_name, required_count) VALUES
-- H1
(1, '백엔드',       1),
(1, '프론트엔드',   1),
(2, 'AI/ML',        1),
(2, '백엔드',       1),
-- H2
(3, 'XR 개발',      1),
(3, '백엔드',       1),
(4, 'AR 개발',      1),
(4, 'UI/UX',        1),
-- H3
(5, '데이터 엔지니어', 1),
(5, '백엔드',          1),
(6, '데이터 분석',     1),
-- H4
(7, 'Flutter',      1),
(7, '백엔드',       1),
(8, 'React Native', 1),
(8, '백엔드',       1),
-- H5
(9,  'LLM 엔지니어', 1),
(9,  '백엔드',       1),
(10, 'AI/ML',        1),
-- H6
(11, '핀테크 백엔드', 1),
(11, '프론트엔드',    1);

-- ============================================================
-- 12-2. TEAM_PRIVATE_INFOS (팀 내부 연락처)
-- ============================================================
INSERT INTO team_private_infos (team_id, contact_type, contact_value, internal_memo, edit_token, created_at, updated_at) VALUES
(1,  'DISCORD', 'alpha-team#1234',     'AI 부동산 프로젝트 - 메인 채널',      'tok_alpha_001',  '2025-12-15 10:00:00', '2025-12-15 10:00:00'),
(2,  'SLACK',   'beta-team.slack.com', '채용 매칭 플랫폼 팀 워크스페이스',    'tok_beta_002',   '2025-12-20 14:00:00', '2025-12-20 14:00:00'),
(3,  'DISCORD', 'nova-xr#5678',        'XR 교육 플랫폼 개발 디스코드',        'tok_nova_003',   '2026-01-20 10:00:00', '2026-01-20 10:00:00'),
(4,  'KAKAO',   'pixel-ar-group',      'AR 쇼핑 서비스 카카오 오픈채팅',      'tok_pixel_004',  '2026-01-25 11:00:00', '2026-01-25 11:00:00'),
(5,  'DISCORD', 'dataplus#9012',       '미세먼지 경로 추천 프로젝트 채널',    'tok_data_005',   '2026-02-10 09:00:00', '2026-02-10 09:00:00'),
(6,  'SLACK',   'insight.slack.com',   '공공데이터 복지 분석 팀 워크스페이스','tok_insight_006','2026-02-12 11:00:00', '2026-02-12 11:00:00'),
(7,  'DISCORD', 'appmakers#3456',      '운동 챌린지 앱 개발 채널',            'tok_app_007',    '2026-02-20 10:00:00', '2026-02-20 10:00:00'),
(8,  'KAKAO',   'mobilex-group',       '지역 장터 앱 카카오 오픈채팅',        'tok_mobile_008', '2026-02-22 14:00:00', '2026-02-22 14:00:00'),
(9,  'DISCORD', 'spark-llm#7890',      'LLM 코드 리뷰 서비스 개발 채널',      'tok_spark_009',  '2026-03-05 10:00:00', '2026-03-05 10:00:00'),
(10, 'SLACK',   'deep-ai.slack.com',   'AI 논문 요약 서비스 워크스페이스',    'tok_deep_010',   '2026-03-06 11:00:00', '2026-03-06 11:00:00'),
(11, 'DISCORD', 'finx-dev#2345',       '소액 투자 앱 개발 디스코드',          'tok_finx_011',   '2026-03-05 15:00:00', '2026-03-05 15:00:00');

-- ============================================================
-- 13. TEAM_MEMBERS
-- ============================================================
INSERT INTO team_members (team_id, user_id, role_type, position, joined_at) VALUES
-- H1 Alpha: user1(백엔드), user2(AI/ML)
(1, 3, 'OWNER',  '백엔드',         '2025-12-15 10:00:00'),
(1, 4, 'MEMBER', 'AI/ML',          '2025-12-16 11:00:00'),
-- H1 Beta: user3(AI/ML), user4(백엔드)
(2, 5, 'OWNER',  'AI/ML',          '2025-12-20 14:00:00'),
(2, 6, 'MEMBER', '백엔드',         '2025-12-21 10:00:00'),
-- H2 Nova: user1(백엔드), user3(XR 개발)
(3, 3, 'OWNER',  '백엔드',         '2026-01-20 10:00:00'),
(3, 5, 'MEMBER', 'XR 개발',        '2026-01-21 09:00:00'),
-- H2 Pixel: user2(AR 개발)
(4, 4, 'OWNER',  'AR 개발',        '2026-01-25 11:00:00'),
-- H3 Data+: user3(데이터 엔지니어), user4(백엔드)
(5, 5, 'OWNER',  '데이터 엔지니어','2026-02-10 09:00:00'),
(5, 6, 'MEMBER', '백엔드',         '2026-02-11 10:00:00'),
-- H3 Insight: user1(데이터 분석)
(6, 3, 'OWNER',  '데이터 분석',    '2026-02-12 11:00:00'),
-- H4 AppMakers: user2(Flutter), user4(백엔드)
(7, 4, 'OWNER',  'Flutter',        '2026-02-20 10:00:00'),
(7, 6, 'MEMBER', '백엔드',         '2026-02-21 11:00:00'),
-- H4 MobileX: user1(React Native), user3(백엔드)
(8, 3, 'OWNER',  'React Native',   '2026-02-22 14:00:00'),
(8, 5, 'MEMBER', '백엔드',         '2026-02-23 09:00:00'),
-- H5 Spark: user1(백엔드), user2(LLM 엔지니어)
(9,  3, 'OWNER',  '백엔드',        '2026-03-05 10:00:00'),
(9,  4, 'MEMBER', 'LLM 엔지니어',  '2026-03-06 11:00:00'),
-- H5 Deep: user3(AI/ML)
(10, 5, 'OWNER',  'AI/ML',         '2026-03-06 11:00:00'),
-- H6 FinX: user4(핀테크 백엔드), user2(프론트엔드)
(11, 6, 'OWNER',  '핀테크 백엔드', '2026-03-05 15:00:00'),
(11, 4, 'MEMBER', '프론트엔드',    '2026-03-06 16:00:00');

-- ============================================================
-- 14. TEAM_APPLICATIONS (비-오너 멤버 신청 내역)
-- ============================================================
INSERT INTO team_applications (team_id, user_id, message, position, status, processed_by_user_id, created_at, processed_at) VALUES
(1, 4, 'AI 모델 개발 경험이 있습니다. 함께 하고 싶습니다!',      'AI/ML',          'ACCEPTED', 3, '2025-12-16 10:00:00', '2025-12-16 11:00:00'),
(2, 6, '데이터 분석 및 백엔드 개발 가능합니다.',                   '백엔드',          'ACCEPTED', 5, '2025-12-21 09:00:00', '2025-12-21 10:00:00'),
(3, 5, 'Unity XR 개발 1년 경험 있습니다.',                        'XR 개발',         'ACCEPTED', 3, '2026-01-21 08:00:00', '2026-01-21 09:00:00'),
(5, 6, 'Python 데이터 분석 및 시각화 잘합니다.',                   '백엔드',          'ACCEPTED', 5, '2026-02-11 09:00:00', '2026-02-11 10:00:00'),
(7, 6, 'Flutter 앱 개발 경험 있습니다. 함께하고 싶어요!',          '백엔드',          'ACCEPTED', 4, '2026-02-21 10:00:00', '2026-02-21 11:00:00'),
(8, 5, 'React Native 및 iOS 개발 가능합니다.',                    '백엔드',          'ACCEPTED', 3, '2026-02-23 08:00:00', '2026-02-23 09:00:00'),
(9, 4, 'LLM 프롬프트 엔지니어링 경험 있습니다.',                   'LLM 엔지니어',    'ACCEPTED', 3, '2026-03-06 10:00:00', '2026-03-06 11:00:00'),
(11, 4, '핀테크 도메인 지식과 백엔드 개발 역량을 갖추고 있습니다.', '프론트엔드',      'ACCEPTED', 6, '2026-03-06 15:00:00', '2026-03-06 16:00:00');

-- ============================================================
-- 15. HACKATHON_REGISTRATIONS
-- ============================================================
INSERT INTO hackathon_registrations (hackathon_id, team_id, registered_at) VALUES
(1, 1, '2025-12-15 10:00:00'),
(1, 2, '2025-12-20 14:00:00'),
(2, 3, '2026-01-20 10:00:00'),
(2, 4, '2026-01-25 11:00:00'),
(3, 5, '2026-02-10 09:00:00'),
(3, 6, '2026-02-12 11:00:00'),
(4, 7, '2026-02-20 10:00:00'),
(4, 8, '2026-02-22 14:00:00'),
(5, 9,  '2026-03-05 10:00:00'),
(5, 10, '2026-03-06 11:00:00'),
(6, 11, '2026-03-05 15:00:00');

-- ============================================================
-- 16. SUBMISSIONS
-- ============================================================
INSERT INTO submissions (id, hackathon_id, team_id, submitter_user_id, status, revision_no, is_latest, submitted_at, created_at, updated_at) VALUES
-- H1 (ENDED)
(1,  1, 1, 3, 'SUBMITTED', 1, 1, '2026-01-12 13:00:00', '2026-01-12 13:00:00', '2026-01-12 13:00:00'),
(2,  1, 2, 5, 'SUBMITTED', 1, 1, '2026-01-12 14:00:00', '2026-01-12 14:00:00', '2026-01-12 14:00:00'),
-- H2 (ENDED)
(3,  2, 3, 3, 'SUBMITTED', 1, 1, '2026-02-16 13:00:00', '2026-02-16 13:00:00', '2026-02-16 13:00:00'),
(4,  2, 4, 4, 'SUBMITTED', 1, 1, '2026-02-16 14:30:00', '2026-02-16 14:30:00', '2026-02-16 14:30:00'),
-- H3 (CLOSED)
(5,  3, 5, 5, 'SUBMITTED', 1, 1, '2026-03-09 13:00:00', '2026-03-09 13:00:00', '2026-03-09 13:00:00'),
(6,  3, 6, 3, 'SUBMITTED', 1, 1, '2026-03-09 14:00:00', '2026-03-09 14:00:00', '2026-03-09 14:00:00'),
-- H4 (CLOSED)
(7,  4, 7, 4, 'SUBMITTED', 1, 1, '2026-03-23 13:00:00', '2026-03-23 13:00:00', '2026-03-23 13:00:00'),
(8,  4, 8, 3, 'SUBMITTED', 2, 1, '2026-03-23 14:30:00', '2026-03-23 14:30:00', '2026-03-23 14:30:00'),
-- H4 첫 번째 제출 (비최신)
(9,  4, 8, 3, 'SUBMITTED', 1, 0, '2026-03-23 11:00:00', '2026-03-23 11:00:00', '2026-03-23 14:30:00'),
-- H5 (OPEN, 진행중)
(10, 5, 9, 3, 'SUBMITTED', 1, 1, '2026-04-01 08:00:00', '2026-04-01 08:00:00', '2026-04-01 08:00:00'),
-- H6 (OPEN, 진행중)
(11, 6, 11, 6, 'SUBMITTED', 1, 1, '2026-04-01 07:00:00', '2026-04-01 07:00:00', '2026-04-01 07:00:00');

-- ============================================================
-- 17. SUBMISSION_ITEMS
-- ============================================================
INSERT INTO submission_items (submission_id, rule_id, value_text, value_url, is_final) VALUES
-- Submission 1 (H1, Alpha Team)
(1, NULL, NULL, 'https://github.com/alpha-team/ai-real-estate-detector', 1),
(1, NULL, NULL, 'https://slides.google.com/alpha-pitch-deck', 1),
(1, NULL, NULL, 'https://youtu.be/alpha-demo-2026', 1),
(1, NULL, 'AI와 자연어처리 기술을 활용하여 부동산 허위 매물을 탐지하는 서비스입니다. BERT 모델을 파인튜닝하여 허위 매물 패턴을 학습시켰으며 정확도 92%를 달성했습니다.', NULL, 1),
-- Submission 2 (H1, Beta Team)
(2, NULL, NULL, 'https://github.com/beta-team/ai-job-matching', 1),
(2, NULL, NULL, 'https://slides.google.com/beta-pitch-deck', 1),
(2, NULL, '중소기업과 구직자를 AI 기술로 매칭하는 플랫폼입니다. 기업의 문화와 직무 요건, 지원자의 경력 패턴을 분석하여 최적의 매칭을 제안합니다.', NULL, 1),
-- Submission 3 (H2, Nova)
(3, NULL, NULL, 'https://github.com/nova-team/xr-edu-platform', 1),
(3, NULL, NULL, 'https://youtu.be/nova-xr-demo', 1),
(3, NULL, 'Meta Quest 3를 활용한 실시간 원격 교육 플랫폼입니다. 교사와 학생이 같은 가상 공간에서 실험 실습을 진행할 수 있습니다.', NULL, 1),
-- Submission 4 (H2, Pixel)
(4, NULL, NULL, 'https://github.com/pixel-team/ar-furniture', 1),
(4, NULL, NULL, 'https://youtu.be/pixel-ar-demo', 1),
(4, NULL, 'AR 기술을 활용한 가구 배치 시뮬레이션 앱입니다. 스마트폰으로 실내 공간을 스캔하면 실제 크기의 가구 3D 모델을 배치해볼 수 있습니다.', NULL, 1),
-- Submission 5 (H3, Data+)
(5, NULL, NULL, 'https://github.com/dataplus/finedust-route', 1),
(5, NULL, NULL, 'https://slides.google.com/dataplus-analysis', 1),
(5, NULL, '서울시 미세먼지 공공데이터 3년치를 분석하여 시간대별, 지역별 오염도 패턴을 파악하고, 이를 기반으로 미세먼지를 최소한으로 마시는 최적 이동 경로를 추천하는 모델입니다.', NULL, 1),
-- Submission 6 (H3, Insight)
(6, NULL, NULL, 'https://github.com/insight-team/welfare-gap', 1),
(6, NULL, NULL, 'https://slides.google.com/insight-welfare', 1),
(6, NULL, '통계청 및 서울시 공공데이터를 결합하여 지역별 1인 가구 밀집도와 복지 시설 분포를 분석한 결과, 복지 사각지대 17개 구역을 식별했습니다.', NULL, 1),
-- Submission 7 (H4, AppMakers)
(7, NULL, NULL, 'https://github.com/appmakers/workout-challenge', 1),
(7, NULL, NULL, 'https://apps.apple.com/appmakers-workout', 1),
(7, NULL, '운동 루틴을 공유하고 친구와 함께 챌린지를 진행하는 소셜 피트니스 앱입니다. Flutter로 개발하여 iOS/Android 동시 출시했습니다.', NULL, 1),
-- Submission 8 (H4, MobileX - 최신)
(8, NULL, NULL, 'https://github.com/mobilex/local-market', 1),
(8, NULL, NULL, 'https://play.google.com/mobilex-market', 1),
(8, NULL, '지역 소상공인과 동네 주민을 연결하는 하이퍼로컬 마켓 앱입니다. 위치 기반으로 반경 1km 내 소상공인의 오늘의 특가와 재고를 실시간으로 확인할 수 있습니다.', NULL, 1),
-- Submission 10 (H5, Spark)
(10, NULL, NULL, 'https://github.com/spark-team/llm-code-review', 1),
(10, NULL, NULL, 'https://spark-review.vercel.app', 1),
(10, NULL, 'Claude API를 활용하여 GitHub PR에 자동으로 코드 리뷰 코멘트를 달아주는 서비스입니다. 버그 탐지, 보안 취약점, 코드 스타일 개선 사항을 자동으로 제안합니다.', NULL, 1),
-- Submission 11 (H6, FinX)
(11, NULL, NULL, 'https://github.com/finx-team/micro-invest', 1),
(11, NULL, NULL, 'https://youtu.be/finx-demo', 1),
(11, NULL, '잔돈 투자 및 AI 포트폴리오 자동 리밸런싱 앱입니다. 카드 결제 잔돈을 자동으로 ETF에 투자하고, 시장 상황에 따라 포트폴리오를 최적화합니다.', NULL, 1);

-- ============================================================
-- 18. JUDGE_EVALUATIONS (SCORE 타입 ENDED/CLOSED 해커톤)
-- ============================================================
-- H1: judge(2) 심사 - Alpha(1등 85점), Beta(2등 70점)
INSERT INTO judge_evaluations (hackathon_id, team_id, judge_user_id, total_score, scores_json, created_at, updated_at) VALUES
(1, 1, 2, 85.0,
 '[{"label":"아이디어 혁신성","score":28},{"label":"기술 완성도","score":27},{"label":"비즈니스 가능성","score":25},{"label":"발표력","score":5}]',
 '2026-01-12 18:00:00', '2026-01-12 18:00:00'),
(1, 2, 2, 70.0,
 '[{"label":"아이디어 혁신성","score":22},{"label":"기술 완성도","score":24},{"label":"비즈니스 가능성","score":18},{"label":"발표력","score":6}]',
 '2026-01-12 18:30:00', '2026-01-12 18:30:00'),

-- H3: judge(2) 심사 - Data+(1등 90점), Insight(2등 75점)
(3, 5, 2, 90.0,
 '[{"label":"데이터 활용도","score":28},{"label":"분석 정확도","score":38},{"label":"시각화 품질","score":18},{"label":"발표력","score":6}]',
 '2026-03-09 18:00:00', '2026-03-09 18:00:00'),
(3, 6, 2, 75.0,
 '[{"label":"데이터 활용도","score":24},{"label":"분석 정확도","score":30},{"label":"시각화 품질","score":16},{"label":"발표력","score":5}]',
 '2026-03-09 18:30:00', '2026-03-09 18:30:00');

-- ============================================================
-- 19. VOTES (VOTE 타입 ENDED/CLOSED 해커톤)
-- ============================================================
-- H2 투표: Nova(team3) 3표 vs Pixel(team4) 0표
-- user1(3), user3(5)는 Nova 소속 → Pixel에만 투표 가능
-- user2(4)는 Pixel 소속 → Nova에만 투표 가능
-- admin(1), user4(6)는 어디든 투표 가능
INSERT INTO votes (hackathon_id, voter_id, team_id, voted_at) VALUES
(2, 4, 3, '2026-02-16 15:30:00'), -- user2 → Nova
(2, 6, 3, '2026-02-16 15:45:00'), -- user4 → Nova
(2, 1, 3, '2026-02-16 16:00:00'), -- admin → Nova
-- user1, user3은 자기팀(Nova)에 투표 불가 → Pixel에 투표
(2, 3, 4, '2026-02-16 15:20:00'), -- user1 → Pixel
(2, 5, 4, '2026-02-16 15:35:00'), -- user3 → Pixel

-- H4 투표: AppMakers(team7) 3표 vs MobileX(team8) 2표
-- user2(4), user4(6)는 AppMakers 소속 → MobileX에만 투표 가능
-- user1(3), user3(5)는 MobileX 소속 → AppMakers에만 투표 가능
(4, 3, 7, '2026-03-23 15:30:00'), -- user1 → AppMakers
(4, 5, 7, '2026-03-23 15:45:00'), -- user3 → AppMakers
(4, 1, 7, '2026-03-23 16:00:00'), -- admin → AppMakers
(4, 4, 8, '2026-03-23 15:20:00'), -- user2 → MobileX
(4, 6, 8, '2026-03-23 15:35:00'); -- user4 → MobileX

-- ============================================================
-- 20. USER_XP_HISTORY
-- 시나리오 결과:
--   H1(SCORE) 1위=Alpha(user1,user2), 2위=Beta(user3,user4)
--   H2(VOTE)  1위=Nova(user1,user3),  2위=Pixel(user2)
--   H3(SCORE) 1위=Data+(user3,user4), 2위=Insight(user1)
--   H4(VOTE)  1위=AppMakers(user2,user4), 2위=MobileX(user1,user3)
-- XP 합계:
--   user1: 500+500+300+300 = 1600 XP
--   user2: 500+300+500     = 1300 XP
--   user3: 300+500+500+300 = 1600 XP
--   user4: 300+500+500     = 1300 XP
-- ============================================================
INSERT INTO user_xp_history (user_id, hackathon_id, type, amount, earned_at) VALUES
-- H1 수상
(3, 1, 'AWARD_1ST', 500, '2026-01-12 18:00:00'), -- user1 1위
(4, 1, 'AWARD_1ST', 500, '2026-01-12 18:00:00'), -- user2 1위
(5, 1, 'AWARD_2ND', 300, '2026-01-12 18:00:00'), -- user3 2위
(6, 1, 'AWARD_2ND', 300, '2026-01-12 18:00:00'), -- user4 2위
-- H2 수상
(3, 2, 'AWARD_1ST', 500, '2026-02-16 18:00:00'), -- user1 1위
(5, 2, 'AWARD_1ST', 500, '2026-02-16 18:00:00'), -- user3 1위
(4, 2, 'AWARD_2ND', 300, '2026-02-16 18:00:00'), -- user2 2위
-- H3 수상
(5, 3, 'AWARD_1ST', 500, '2026-03-09 18:00:00'), -- user3 1위
(6, 3, 'AWARD_1ST', 500, '2026-03-09 18:00:00'), -- user4 1위
(3, 3, 'AWARD_2ND', 300, '2026-03-09 18:00:00'), -- user1 2위
-- H4 수상
(4, 4, 'AWARD_1ST', 500, '2026-03-23 18:00:00'), -- user2 1위
(6, 4, 'AWARD_1ST', 500, '2026-03-23 18:00:00'), -- user4 1위
(3, 4, 'AWARD_2ND', 300, '2026-03-23 18:00:00'), -- user1 2위
(5, 4, 'AWARD_2ND', 300, '2026-03-23 18:00:00'); -- user3 2위

-- ============================================================
-- USER_TAGS (유저 관심 기술 스택)
-- ============================================================
INSERT INTO user_tags (user_id, tag_id) VALUES
-- user1: AI, 스타트업, 머신러닝
(3, 1), (3, 2), (3, 3),
-- user2: 모바일, 핀테크, Flutter
(4, 12), (4, 19), (4, 15),
-- user3: 데이터분석, 빅데이터, AI
(5, 8), (5, 9), (5, 1),
-- user4: 모바일, 헬스케어, LLM
(6, 12), (6, 27), (6, 16);

-- ============================================================
-- AUTO_INCREMENT 재설정
-- ============================================================
ALTER TABLE users                    AUTO_INCREMENT = 7;
ALTER TABLE hackathons               AUTO_INCREMENT = 11;
ALTER TABLE tags                     AUTO_INCREMENT = 35;
ALTER TABLE teams                    AUTO_INCREMENT = 12;
ALTER TABLE submissions              AUTO_INCREMENT = 12;
